-- phpMyAdmin SQL Dump
-- version 4.4.10
-- http://www.phpmyadmin.net
--
-- Host: localhost:8889
-- Erstellungszeit: 11. Mrz 2016 um 17:16
-- Server-Version: 5.5.42
-- PHP-Version: 5.5.26

SET SQL_MODE = "NO_AUTO_VALUE_ON_ZERO";
SET time_zone = "+00:00";


/*!40101 SET @OLD_CHARACTER_SET_CLIENT=@@CHARACTER_SET_CLIENT */;
/*!40101 SET @OLD_CHARACTER_SET_RESULTS=@@CHARACTER_SET_RESULTS */;
/*!40101 SET @OLD_COLLATION_CONNECTION=@@COLLATION_CONNECTION */;
/*!40101 SET NAMES utf8mb4 */;

--
-- Datenbank: `fm_cake`
--

-- --------------------------------------------------------

--
-- Tabellenstruktur für Tabelle `components`
--

CREATE TABLE `components` (
  `id` int(11) NOT NULL,
  `created` datetime NOT NULL,
  `modified` datetime NOT NULL,
  `name` varchar(45) DEFAULT NULL
) ENGINE=InnoDB AUTO_INCREMENT=3 DEFAULT CHARSET=utf8;

-- --------------------------------------------------------

--
-- Tabellenstruktur für Tabelle `components_scenarios`
--

CREATE TABLE `components_scenarios` (
  `component_id` int(11) NOT NULL,
  `scenario_id` int(11) NOT NULL
) ENGINE=InnoDB DEFAULT CHARSET=utf8;

-- --------------------------------------------------------

--
-- Tabellenstruktur für Tabelle `pois`
--

CREATE TABLE `pois` (
  `id` int(11) NOT NULL,
  `created` datetime NOT NULL,
  `modified` datetime NOT NULL,
  `name` varchar(255) DEFAULT NULL,
  `lat` float DEFAULT NULL,
  `lng` float DEFAULT NULL,
  `google_place` varchar(255) NOT NULL,
  `icon` varchar(255) DEFAULT NULL,
  `rating` float DEFAULT NULL,
  `vicinity` varchar(45) DEFAULT NULL,
  `formatted_phone_number` varchar(45) DEFAULT NULL,
  `mail` varchar(45) DEFAULT NULL,
  `website` varchar(209) DEFAULT NULL,
  `social` varchar(209) DEFAULT NULL,
  `description` tinytext,
  `user_ratings_total` int(11) DEFAULT NULL,
  `opening_hours` varchar(45) DEFAULT NULL,
  `weekday_text` varchar(45) DEFAULT NULL,
  `photos` int(11) DEFAULT NULL,
  `reviews` int(11) DEFAULT NULL
) ENGINE=InnoDB AUTO_INCREMENT=432 DEFAULT CHARSET=utf8;

--
-- Daten für Tabelle `pois`
--

INSERT INTO `pois` (`id`, `created`, `modified`, `name`, `lat`, `lng`, `google_place`, `icon`, `rating`, `vicinity`, `formatted_phone_number`, `mail`, `website`, `social`, `description`, `user_ratings_total`, `opening_hours`, `weekday_text`, `photos`, `reviews`) VALUES
(1, '2016-03-08 15:39:57', '2016-03-08 15:39:57', 'Gäubodenbäcker Hahn GmbH', 49.0121, 12.0984, 'ChIJF6hlhgnBn0cRcXb4DjQknqQ', 'https://maps.gstatic.com/mapfiles/place_api/icons/restaurant-71.png', NULL, 'Bahnhofstraße 18, Regensburg', NULL, NULL, NULL, NULL, NULL, NULL, NULL, NULL, NULL, NULL),
(2, '2016-03-08 15:39:57', '2016-03-08 15:39:57', 'Weber', 49.0094, 12.1019, 'ChIJ1zwkcAvBn0cRjR0dAp2v2hU', 'https://maps.gstatic.com/mapfiles/place_api/icons/restaurant-71.png', NULL, 'Galgenbergstraße 5, Regensburg', NULL, NULL, NULL, NULL, NULL, NULL, NULL, NULL, NULL, NULL),
(3, '2016-03-08 15:39:57', '2016-03-08 15:39:57', 'J. Schwarzer', 49.0179, 12.095, 'ChIJu1C7JabBn0cRy0aiZidiv44', 'https://maps.gstatic.com/mapfiles/place_api/icons/restaurant-71.png', 4.4, 'Obere Bachgasse 7, Regensburg', NULL, NULL, NULL, NULL, NULL, NULL, NULL, NULL, NULL, NULL),
(4, '2016-03-08 15:39:57', '2016-03-08 15:39:57', 'Schifferl', 49.0126, 12.1026, 'ChIJKZgZZArBn0cRnIu9EtVWGi8', 'https://maps.gstatic.com/mapfiles/place_api/icons/restaurant-71.png', NULL, 'Castra-Regina-Center, Bahnhofstraße 24, Regen', NULL, NULL, NULL, NULL, NULL, NULL, NULL, NULL, NULL, NULL),
(5, '2016-03-08 15:39:57', '2016-03-08 15:39:57', 'BackWerk Regensburg', 49.0167, 12.0994, 'ChIJVXtl36bBn0cRYsSWIAd-Epc', 'https://maps.gstatic.com/mapfiles/place_api/icons/restaurant-71.png', NULL, 'Am Brixener Hof 12, Regensburg', NULL, NULL, NULL, NULL, NULL, NULL, NULL, NULL, NULL, NULL),
(6, '2016-03-08 15:39:57', '2016-03-08 15:39:57', 'Bachmeier GmbH', 49.0104, 12.0988, 'ChIJefTkvwvBn0cRvGmDo7euOf4', 'https://maps.gstatic.com/mapfiles/place_api/icons/restaurant-71.png', NULL, 'Friedenstraße 23, Regensburg', NULL, NULL, NULL, NULL, NULL, NULL, NULL, NULL, NULL, NULL),
(7, '2016-03-08 15:39:57', '2016-03-08 15:39:57', 'Cupcakery Regensburg', 49.0192, 12.1001, 'ChIJgRwRJ6TBn0cR5imfzzZCGH4', 'https://maps.gstatic.com/mapfiles/place_api/icons/restaurant-71.png', NULL, 'Domstraße 1, Regensburg', NULL, NULL, NULL, NULL, NULL, NULL, NULL, NULL, NULL, NULL),
(8, '2016-03-08 15:39:57', '2016-03-08 15:39:57', 'Backstube Wünsche GmbH', 49.0182, 12.0974, 'ChIJRw70bKbBn0cRvpSjguTa1Xk', 'https://maps.gstatic.com/mapfiles/place_api/icons/restaurant-71.png', NULL, 'Neupfarrplatz 8, Regensburg', NULL, NULL, NULL, NULL, NULL, NULL, NULL, NULL, NULL, NULL),
(9, '2016-03-08 15:39:57', '2016-03-08 15:39:57', 'Schifferl', 49.0171, 12.1053, 'ChIJYabmvKHBn0cRkcv586kfhs4', 'https://maps.gstatic.com/mapfiles/place_api/icons/restaurant-71.png', NULL, 'Minoritenweg 19, Regensburg', NULL, NULL, NULL, NULL, NULL, NULL, NULL, NULL, NULL, NULL),
(10, '2016-03-08 15:39:57', '2016-03-08 15:39:57', 'Bäckerei Schifferl GmbH', 49.0185, 12.0844, 'ChIJP9vpAKvBn0cR9Punhg-bYTQ', 'https://maps.gstatic.com/mapfiles/place_api/icons/restaurant-71.png', NULL, 'Prüfeninger Straße 2, Regensburg', NULL, NULL, NULL, NULL, NULL, NULL, NULL, NULL, NULL, NULL),
(11, '2016-03-08 15:39:57', '2016-03-08 15:39:57', 'Backstube Wünsche GmbH', 49.0052, 12.1153, 'ChIJjSVEwHDBn0cRvjUcP8xCtq0', 'https://maps.gstatic.com/mapfiles/place_api/icons/restaurant-71.png', NULL, 'Hornstraße 6, Regensburg', NULL, NULL, NULL, NULL, NULL, NULL, NULL, NULL, NULL, NULL),
(12, '2016-03-08 15:39:57', '2016-03-08 15:39:57', 'Josef Schwarz', 49.0072, 12.0871, 'ChIJJdv2BAXBn0cRvyBGHs3VgS0', 'https://maps.gstatic.com/mapfiles/place_api/icons/restaurant-71.png', NULL, 'Kumpfmühler Straße 53, Regensburg', NULL, NULL, NULL, NULL, NULL, NULL, NULL, NULL, NULL, NULL),
(13, '2016-03-08 15:39:57', '2016-03-08 15:39:57', 'Müller-Brot AG', 49.0198, 12.0899, 'ChIJxeutSanBn0cRtyUfESDnmeE', 'https://maps.gstatic.com/mapfiles/place_api/icons/restaurant-71.png', NULL, 'Arnulfsplatz 1, Regensburg', NULL, NULL, NULL, NULL, NULL, NULL, NULL, NULL, NULL, NULL),
(14, '2016-03-08 15:39:57', '2016-03-08 15:39:57', 'Müller-Brot AG', 49.0185, 12.0948, 'ChIJTQ-2oKjBn0cR1HFsZNN43OU', 'https://maps.gstatic.com/mapfiles/place_api/icons/restaurant-71.png', NULL, 'Untere Bachgasse 12, Regensburg', NULL, NULL, NULL, NULL, NULL, NULL, NULL, NULL, NULL, NULL),
(15, '2016-03-08 15:39:57', '2016-03-08 15:39:57', 'Orlando di Lasso', 49.0193, 12.1001, 'ChIJV8coIKTBn0cRcrlFXJV0Oj0', 'https://maps.gstatic.com/mapfiles/place_api/icons/cafe-71.png', NULL, 'Alter Kornmarkt 2, Regensburg', NULL, NULL, NULL, NULL, NULL, NULL, NULL, NULL, NULL, NULL),
(16, '2016-03-08 15:39:57', '2016-03-08 15:39:57', 'Ebner GmbH', 49.0201, 12.0895, 'ChIJJSMUTanBn0cRobDrBmACv2g', 'https://maps.gstatic.com/mapfiles/place_api/icons/restaurant-71.png', NULL, 'Arnulfsplatz 9, Regensburg', NULL, NULL, NULL, NULL, NULL, NULL, NULL, NULL, NULL, NULL),
(17, '2016-03-08 15:39:57', '2016-03-08 15:39:57', 'Bagelstore Tigergreen', 49.0167, 12.0944, 'ChIJl8L80KfBn0cRS3MYBjqFzw8', 'https://maps.gstatic.com/mapfiles/place_api/icons/restaurant-71.png', 4.7, 'Obere Bachgasse 20, Regensburg', NULL, NULL, NULL, NULL, NULL, NULL, NULL, NULL, NULL, NULL),
(18, '2016-03-08 15:39:57', '2016-03-08 15:39:57', 'Müller Brot GmbH', 49.0163, 12.1017, 'ChIJO81-2KDBn0cRMX5gw5gzUdc', 'https://maps.gstatic.com/mapfiles/place_api/icons/restaurant-71.png', NULL, 'D.-Martin-Luther-Straße 8, Regensburg', NULL, NULL, NULL, NULL, NULL, NULL, NULL, NULL, NULL, NULL),
(19, '2016-03-08 15:39:57', '2016-03-08 15:39:57', 'Bäckerei Schifferl', 49.0107, 12.0999, 'ChIJa22IuAvBn0cRsG4dxDsjDnk', 'https://maps.gstatic.com/mapfiles/place_api/icons/restaurant-71.png', NULL, 'Friedenstraße 23, Regensburg', NULL, NULL, NULL, NULL, NULL, NULL, NULL, NULL, NULL, NULL),
(20, '2016-03-08 15:39:57', '2016-03-08 15:39:57', 'Ebner GmbH', 49.0184, 12.094, 'ChIJIRVlmKjBn0cRUWLvdLvcowA', 'https://maps.gstatic.com/mapfiles/place_api/icons/restaurant-71.png', NULL, 'Gesandtenstraße 4, Regensburg', NULL, NULL, NULL, NULL, NULL, NULL, NULL, NULL, NULL, NULL),
(21, '2016-03-08 15:39:57', '2016-03-08 15:39:57', 'Ludwig Schifferl', 49.0204, 12.0972, 'ChIJO0wc6qXBn0cR2-OJAJdJy8o', 'https://maps.gstatic.com/mapfiles/place_api/icons/restaurant-71.png', NULL, 'Taubengäßchen 3, Regensburg', NULL, NULL, NULL, NULL, NULL, NULL, NULL, NULL, NULL, NULL),
(22, '2016-03-08 15:39:57', '2016-03-08 15:39:57', 'Der Beck', 49.0106, 12.0995, 'ChIJc__rxgvBn0cRlLsSLqfuJcM', 'https://maps.gstatic.com/mapfiles/place_api/icons/restaurant-71.png', NULL, 'Friedenstraße 23, Regensburg', NULL, NULL, NULL, NULL, NULL, NULL, NULL, NULL, NULL, NULL),
(23, '2016-03-08 15:39:57', '2016-03-08 15:39:57', 'Hofpfisterei Ludwig Stocker GmbH', 49.0173, 12.1012, 'ChIJ2WwDM6HBn0cRc_xLUNmypos', 'https://maps.gstatic.com/mapfiles/place_api/icons/generic_business-71.png', NULL, 'D.-Martin-Luther-Straße 2, Regensburg', NULL, NULL, NULL, NULL, NULL, NULL, NULL, NULL, NULL, NULL),
(24, '2016-03-08 15:39:57', '2016-03-08 15:39:57', 'Ebner Vertriebs-GmbH', 49.0169, 12.0986, 'ChIJsaQt4qbBn0cRELhlZ0Z2-Pk', 'https://maps.gstatic.com/mapfiles/place_api/icons/restaurant-71.png', NULL, 'Weißbräuhausgasse 7, Regensburg', NULL, NULL, NULL, NULL, NULL, NULL, NULL, NULL, NULL, NULL),
(25, '2016-03-08 15:39:57', '2016-03-08 15:39:57', 'Alfons Ebner Vertriebs- GmbH', 49.0155, 12.1004, 'ChIJd6Bny6DBn0cRj8jcI_pPTp0', 'https://maps.gstatic.com/mapfiles/place_api/icons/restaurant-71.png', NULL, 'Maximilianstraße 25, Regensburg', NULL, NULL, NULL, NULL, NULL, NULL, NULL, NULL, NULL, NULL),
(26, '2016-03-08 15:39:57', '2016-03-08 15:39:57', 'Bäckerei Ebner', 49.0257, 12.1152, 'ChIJLaVw-ZbBn0cRTPNSBxD-XC0', 'https://maps.gstatic.com/mapfiles/place_api/icons/restaurant-71.png', NULL, 'Donaueinkaufszentrum, Weichser Weg 5, Regensb', NULL, NULL, NULL, NULL, NULL, NULL, NULL, NULL, NULL, NULL),
(27, '2016-03-08 15:39:57', '2016-03-08 15:39:57', 'Bäckerei Schifferl', 49.0258, 12.1159, 'ChIJ087OriiOC0ERnZVQ1zNiw-s', 'https://maps.gstatic.com/mapfiles/place_api/icons/restaurant-71.png', NULL, 'Weichser Weg 5, Regensburg', NULL, NULL, NULL, NULL, NULL, NULL, NULL, NULL, NULL, NULL),
(28, '2016-03-08 15:39:57', '2016-03-08 15:39:57', 'KEKSZauber', 49.0172, 12.1111, 'ChIJ2VOgJ5_Bn0cR-igf7UQqOxg', 'https://maps.gstatic.com/mapfiles/place_api/icons/restaurant-71.png', NULL, 'Adolf-Schmetzer-Straße 10, Regensburg', NULL, NULL, NULL, NULL, NULL, NULL, NULL, NULL, NULL, NULL),
(29, '2016-03-08 15:39:57', '2016-03-08 15:39:57', 'Kosler', 49.0137, 12.1124, 'ChIJj60VDJ7Bn0cRMyXIP4QNEc4', 'https://maps.gstatic.com/mapfiles/place_api/icons/restaurant-71.png', 4.6, 'Greflingerstraße 15, Regensburg', NULL, NULL, NULL, NULL, NULL, NULL, NULL, NULL, NULL, NULL),
(30, '2016-03-08 15:39:57', '2016-03-08 15:39:57', 'Fritz Teufel', 49.0189, 12.1048, 'ChIJQQET1KPBn0cRKF3AnYZ34pU', 'https://maps.gstatic.com/mapfiles/place_api/icons/restaurant-71.png', NULL, 'Ostengasse 19, Regensburg', NULL, NULL, NULL, NULL, NULL, NULL, NULL, NULL, NULL, NULL),
(31, '2016-03-08 15:39:57', '2016-03-08 15:39:57', 'Rudolf Mandl Konditorei - Cafe - Bäckerei Inh. Josef Schwarz', 49.0069, 12.0897, 'ChIJo4BefQXBn0cRAcu2F3jJmGU', 'https://maps.gstatic.com/mapfiles/place_api/icons/cafe-71.png', NULL, 'Hofgartenweg 2, Regensburg', NULL, NULL, NULL, NULL, NULL, NULL, NULL, NULL, NULL, NULL),
(32, '2016-03-08 15:39:57', '2016-03-08 15:39:57', 'Zink Josef & Robert GmbH', 49.003, 12.1192, 'ChIJBf4gInvBn0cRPYDKDP45hn4', 'https://maps.gstatic.com/mapfiles/place_api/icons/restaurant-71.png', NULL, 'Erbprinz-Franz-Joseph-Straße 13, Regensburg', NULL, NULL, NULL, NULL, NULL, NULL, NULL, NULL, NULL, NULL),
(33, '2016-03-08 15:39:57', '2016-03-08 15:39:57', 'Dorfbackhaus GmbH', 49.0208, 12.0953, 'ChIJw0ZyXq_Bn0cRwqle8vEmllI', 'https://maps.gstatic.com/mapfiles/place_api/icons/restaurant-71.png', NULL, 'Fischmarkt 7, Regensburg', NULL, NULL, NULL, NULL, NULL, NULL, NULL, NULL, NULL, NULL),
(34, '2016-03-08 15:39:57', '2016-03-08 15:39:57', 'Biendl und Weber', 49.0185, 12.0958, 'ChIJ7Tv4FqbBn0cRjQafJXuTY0I', 'https://maps.gstatic.com/mapfiles/place_api/icons/restaurant-71.png', NULL, 'Neupfarrplatz 3, Regensburg', NULL, NULL, NULL, NULL, NULL, NULL, NULL, NULL, NULL, NULL),
(35, '2016-03-08 15:39:57', '2016-03-08 15:39:57', 'Biendl und Weber', 49.0186, 12.0903, 'ChIJT5gpEanBn0cRZAqXlZGJaIU', 'https://maps.gstatic.com/mapfiles/place_api/icons/restaurant-71.png', NULL, 'Gesandtenstraße 17, Regensburg', NULL, NULL, NULL, NULL, NULL, NULL, NULL, NULL, NULL, NULL),
(36, '2016-03-08 15:39:57', '2016-03-08 15:39:57', 'Richard Hummel', 49.0192, 12.1029, 'ChIJRS1e5KPBn0cRbVrcM5kc1kM', 'https://maps.gstatic.com/mapfiles/place_api/icons/restaurant-71.png', NULL, 'Ostengasse 6, Regensburg', NULL, NULL, NULL, NULL, NULL, NULL, NULL, NULL, NULL, NULL),
(37, '2016-03-08 15:39:57', '2016-03-08 15:39:57', 'Martin Strixner', 49.0182, 12.1078, 'ChIJNW22-KHBn0cRR_0YiAz8gCQ', 'https://maps.gstatic.com/mapfiles/place_api/icons/restaurant-71.png', NULL, 'Ostengasse 37, Regensburg', NULL, NULL, NULL, NULL, NULL, NULL, NULL, NULL, NULL, NULL),
(38, '2016-03-08 15:39:58', '2016-03-08 15:39:58', 'Ludwig Baumann', 49.0076, 12.0866, 'ChIJ39vYAQXBn0cRoPooSvrlbBs', 'https://maps.gstatic.com/mapfiles/place_api/icons/restaurant-71.png', NULL, 'Kumpfmühler Straße 48, Regensburg', NULL, NULL, NULL, NULL, NULL, NULL, NULL, NULL, NULL, NULL),
(39, '2016-03-08 15:39:58', '2016-03-08 15:39:58', 'Tasty Donuts & Coffee', 49.0201, 12.097, 'ChIJwW-CjAnBn0cRvvjSgbb_wr4', 'https://maps.gstatic.com/mapfiles/place_api/icons/restaurant-71.png', NULL, 'Watmarkt 7, Regensburg', NULL, NULL, NULL, NULL, NULL, NULL, NULL, NULL, NULL, NULL),
(40, '2016-03-08 15:39:58', '2016-03-08 15:39:58', 'Ludwig Stocker Hofpfisterei GmbH', 49.0178, 12.098, 'ChIJPcjZ9abBn0cRn9C7ExgmzXo', 'https://maps.gstatic.com/mapfiles/place_api/icons/restaurant-71.png', NULL, 'Weiße-Lilien-Straße 1, Regensburg', NULL, NULL, NULL, NULL, NULL, NULL, NULL, NULL, NULL, NULL),
(41, '2016-03-08 15:39:58', '2016-03-08 15:39:58', 'BackWerk Regensburg', 49.0167, 12.0994, 'ChIJW7z--x-OC0ER3ql74NMTovQ', 'https://maps.gstatic.com/mapfiles/place_api/icons/restaurant-71.png', NULL, 'Am Brixener Hof 12, Regensburg', NULL, NULL, NULL, NULL, NULL, NULL, NULL, NULL, NULL, NULL),
(42, '2016-03-08 15:39:58', '2016-03-08 15:39:58', 'Johann Ellerbeck', 49.0163, 12.1002, 'ChIJ81XyK6fBn0cR6ZxcweaCBms', 'https://maps.gstatic.com/mapfiles/place_api/icons/restaurant-71.png', NULL, 'Maximilianstraße 18, Regensburg', NULL, NULL, NULL, NULL, NULL, NULL, NULL, NULL, NULL, NULL),
(43, '2016-03-08 15:39:58', '2016-03-08 15:39:58', 'Helmut Kosler', 49.0198, 12.0891, 'ChIJeRMRV6nBn0cRwkylnno1HUk', 'https://maps.gstatic.com/mapfiles/place_api/icons/restaurant-71.png', NULL, 'Arnulfsplatz 4A, Regensburg', NULL, NULL, NULL, NULL, NULL, NULL, NULL, NULL, NULL, NULL),
(44, '2016-03-08 15:39:58', '2016-03-08 15:39:58', 'Bäckerei Brunner KG', 49.018, 12.1014, 'ChIJiQBFtKbBn0cR2TzRPHnNtZc', 'https://maps.gstatic.com/mapfiles/place_api/icons/restaurant-71.png', NULL, 'Dachauplatz 1, Regensburg', NULL, NULL, NULL, NULL, NULL, NULL, NULL, NULL, NULL, NULL),
(45, '2016-03-08 15:39:58', '2016-03-08 15:39:58', 'Karl Meimer', 49.0172, 12.0955, 'ChIJnf6VNKbBn0cRgxJ7iRdcuuw', 'https://maps.gstatic.com/mapfiles/place_api/icons/restaurant-71.png', NULL, 'Rote-Stern-Gasse 1, Regensburg', NULL, NULL, NULL, NULL, NULL, NULL, NULL, NULL, NULL, NULL),
(46, '2016-03-08 15:39:58', '2016-03-08 15:39:58', 'Hansa Apart-Hotel Regensburg', 49.01, 12.0911, 'ChIJmyfsqgjBn0cRDO3o7Iy-DXo', 'https://maps.gstatic.com/mapfiles/place_api/icons/bar-71.png', 3.8, 'Friedenstraße 7, Regensburg', NULL, NULL, NULL, NULL, NULL, NULL, NULL, NULL, NULL, NULL),
(47, '2016-03-08 15:39:58', '2016-03-08 15:39:58', 'Star Inn Hotel Regensburg Zentrum', 49.0123, 12.1025, 'ChIJpSb7YArBn0cRQjwrRkwQvcU', 'https://maps.gstatic.com/mapfiles/place_api/icons/lodging-71.png', 3.1, 'Bahnhofstraße 22, Regensburg', NULL, NULL, NULL, NULL, NULL, NULL, NULL, NULL, NULL, NULL),
(48, '2016-03-08 15:39:58', '2016-03-08 15:39:58', 'Altstadthotel Arch', 49.0195, 12.0933, 'ChIJpRgTyajBn0cRi3tcbk77xi4', 'https://maps.gstatic.com/mapfiles/place_api/icons/lodging-71.png', 3.4, 'Haidplatz 2-4, Regensburg', NULL, NULL, NULL, NULL, NULL, NULL, NULL, NULL, NULL, NULL),
(49, '2016-03-08 15:39:58', '2016-03-08 15:39:58', 'Weltenburger am Dom', 49.0188, 12.0995, 'ChIJv2stfabBn0cR5E4sr9SPZ-U', 'https://maps.gstatic.com/mapfiles/place_api/icons/restaurant-71.png', 4.3, 'Domplatz 3, Regensburg', NULL, NULL, NULL, NULL, NULL, NULL, NULL, NULL, NULL, NULL),
(50, '2016-03-08 15:39:58', '2016-03-08 15:39:58', 'Sam Kullman''s Diner', 49.0099, 12.0933, 'ChIJm7FAzgjBn0cRfLUjrP0tUYU', 'https://maps.gstatic.com/mapfiles/place_api/icons/restaurant-71.png', 3.7, 'Friedenstraße 10, Regensburg', NULL, NULL, NULL, NULL, NULL, NULL, NULL, NULL, NULL, NULL),
(51, '2016-03-08 15:39:58', '2016-03-08 15:39:58', 'ALEX Regensburg', 49.0188, 12.0964, 'ChIJmYQzbabBn0cRqIpWlIBFuHw', 'https://maps.gstatic.com/mapfiles/place_api/icons/cafe-71.png', 2.7, 'Neupfarrplatz 6A, Regensburg', NULL, NULL, NULL, NULL, NULL, NULL, NULL, NULL, NULL, NULL),
(52, '2016-03-08 15:39:58', '2016-03-08 15:39:58', 'Brauhaus am Schloss', 49.0155, 12.0913, 'ChIJ6xqyJKjBn0cRpih8LDacTj8', 'https://maps.gstatic.com/mapfiles/place_api/icons/restaurant-71.png', 3.8, 'Waffnergasse 6, Regensburg', NULL, NULL, NULL, NULL, NULL, NULL, NULL, NULL, NULL, NULL),
(53, '2016-03-08 15:39:58', '2016-03-08 15:39:58', 'Kreuzschänke', 49.0198, 12.0858, 'ChIJxSgekavBn0cRz8CIURDt4vI', 'https://maps.gstatic.com/mapfiles/place_api/icons/bar-71.png', 4.5, 'Kreuzgasse 25, Regensburg', NULL, NULL, NULL, NULL, NULL, NULL, NULL, NULL, NULL, NULL),
(54, '2016-03-08 15:39:58', '2016-03-08 15:39:58', 'Hemingway''s', 49.0181, 12.0949, 'ChIJK3k8IabBn0cRRH3Air-_9Ck', 'https://maps.gstatic.com/mapfiles/place_api/icons/bar-71.png', 4.6, 'Obere Bachgasse 3-5, Regensburg', NULL, NULL, NULL, NULL, NULL, NULL, NULL, NULL, NULL, NULL),
(55, '2016-03-08 15:39:58', '2016-03-08 15:39:58', 'Brandl Bräu', 49.0188, 12.1047, 'ChIJd3_N1aPBn0cR0tOvT8aNX0g', 'https://maps.gstatic.com/mapfiles/place_api/icons/restaurant-71.png', 4.8, 'Ostengasse 16, Regensburg', NULL, NULL, NULL, NULL, NULL, NULL, NULL, NULL, NULL, NULL),
(56, '2016-03-08 15:39:58', '2016-03-08 15:39:58', 'Peppers', 49.02, 12.0928, 'ChIJsays0qjBn0cRf3zDbpUEWHc', 'https://maps.gstatic.com/mapfiles/place_api/icons/restaurant-71.png', 3.3, 'Haidplatz 7a, Regensburg', NULL, NULL, NULL, NULL, NULL, NULL, NULL, NULL, NULL, NULL),
(57, '2016-03-08 15:39:58', '2016-03-08 15:39:58', 'Kaminski in Regensburg', 49.0191, 12.0943, 'ChIJX16EpajBn0cR_T06DNjTJms', 'https://maps.gstatic.com/mapfiles/place_api/icons/cafe-71.png', NULL, 'Hinter der Grieb 6, Regensburg', NULL, NULL, NULL, NULL, NULL, NULL, NULL, NULL, NULL, NULL),
(58, '2016-03-08 15:39:58', '2016-03-08 15:39:58', 'Ristorante Tiziano', 49.0196, 12.0906, 'ChIJkU6jMKnBn0cRoddJG4KnBo0', 'https://maps.gstatic.com/mapfiles/place_api/icons/restaurant-71.png', NULL, 'Drei-Mohren-Straße 5, Regensburg', NULL, NULL, NULL, NULL, NULL, NULL, NULL, NULL, NULL, NULL),
(59, '2016-03-08 15:39:58', '2016-03-08 15:39:58', 'Papageno Mittelmeerküche', 49.0214, 12.0932, 'ChIJcdGkGa_Bn0cRdqMNBfb0enc', 'https://maps.gstatic.com/mapfiles/place_api/icons/restaurant-71.png', 3.8, 'Keplerstraße 14, Regensburg', NULL, NULL, NULL, NULL, NULL, NULL, NULL, NULL, NULL, NULL),
(60, '2016-03-08 15:39:58', '2016-03-08 15:39:58', 'Bar 13', 49.0212, 12.0926, 'ChIJZfeDH6_Bn0cRzfJzv_Hxkzo', 'https://maps.gstatic.com/mapfiles/place_api/icons/bar-71.png', 4.2, 'Keplerstraße 13, Regensburg', NULL, NULL, NULL, NULL, NULL, NULL, NULL, NULL, NULL, NULL),
(61, '2016-03-08 15:39:58', '2016-03-08 15:39:58', 'Beats-Club', 49.0159, 12.0968, 'ChIJvZ0vpqfBn0cRfRPlTnbkRcU', 'https://maps.gstatic.com/mapfiles/place_api/icons/bar-71.png', 3.6, 'St.-Peters-Weg 15, Regensburg', NULL, NULL, NULL, NULL, NULL, NULL, NULL, NULL, NULL, NULL),
(62, '2016-03-08 15:39:58', '2016-03-08 15:39:58', 'Hacker-Pschorr s''Wirtshaus im alten Augustiner Kloster', 49.0182, 12.0955, 'ChIJ213dPKbBn0cRe7pagNEKZxM', 'https://maps.gstatic.com/mapfiles/place_api/icons/restaurant-71.png', 4, 'Neupfarrplatz 15, Regensburg', NULL, NULL, NULL, NULL, NULL, NULL, NULL, NULL, NULL, NULL),
(63, '2016-03-08 15:39:58', '2016-03-08 15:39:58', 'Irish Harp', 49.0208, 12.097, 'ChIJ9W5rk6XBn0cROOTW204wJhg', 'https://maps.gstatic.com/mapfiles/place_api/icons/restaurant-71.png', 4.4, 'Brückstraße 1, Regensburg', NULL, NULL, NULL, NULL, NULL, NULL, NULL, NULL, NULL, NULL),
(64, '2016-03-08 15:39:58', '2016-03-08 15:39:58', 'Cafe am Peterstor', 49.0153, 12.098, 'ChIJ4d3Ta6fBn0cRCssSE-q7nWk', 'https://maps.gstatic.com/mapfiles/place_api/icons/cafe-71.png', 4.4, 'Am Peterstor 1A, Regensburg', NULL, NULL, NULL, NULL, NULL, NULL, NULL, NULL, NULL, NULL),
(65, '2016-03-08 15:39:58', '2016-03-08 15:39:58', 'Klappe', 49.0256, 12.097, 'ChIJO40lDLDBn0cRxJC8-l_vBZE', 'https://maps.gstatic.com/mapfiles/place_api/icons/bar-71.png', 4.1, 'Stadtamhof 13, Regensburg', NULL, NULL, NULL, NULL, NULL, NULL, NULL, NULL, NULL, NULL),
(66, '2016-03-08 15:39:58', '2016-03-08 15:39:58', 'Alte Mälzerei', 49.0071, 12.0998, 'ChIJi6z79wzBn0cRgm3ZgMnb-wE', 'https://maps.gstatic.com/mapfiles/place_api/icons/generic_business-71.png', 4.4, 'Galgenbergstraße 20, Regensburg', NULL, NULL, NULL, NULL, NULL, NULL, NULL, NULL, NULL, NULL),
(67, '2016-03-08 15:39:58', '2016-03-08 15:39:58', 'da Silva - Bar & Lounge', 49.0167, 12.0962, 'ChIJ9e2utafBn0cRqdiZ5w1F2Hg', 'https://maps.gstatic.com/mapfiles/place_api/icons/bar-71.png', 4.3, 'Obermünsterstraße 9, Regensburg', NULL, NULL, NULL, NULL, NULL, NULL, NULL, NULL, NULL, NULL),
(68, '2016-03-08 15:39:58', '2016-03-08 15:39:58', 'FILMBÜHNE', 49.0208, 12.0971, 'ChIJG-xMpajBn0cRHGfZ29ConYQ', 'https://maps.gstatic.com/mapfiles/place_api/icons/bar-71.png', NULL, 'Taubengäßchen 2, Regensburg', NULL, NULL, NULL, NULL, NULL, NULL, NULL, NULL, NULL, NULL),
(69, '2016-03-08 15:39:58', '2016-03-08 15:39:58', 'Cafe Picasso', 49.0204, 12.0977, 'ChIJ36TOxaXBn0cRne71hxECxkY', 'https://maps.gstatic.com/mapfiles/place_api/icons/bar-71.png', 3.9, 'Unter den Schwibbögen 1, Regensburg', NULL, NULL, NULL, NULL, NULL, NULL, NULL, NULL, NULL, NULL),
(70, '2016-03-08 15:39:58', '2016-03-08 15:39:58', 'Flannigans', 49.0211, 12.0941, 'ChIJydlOz6XBn0cR9NFkoYi4kAc', 'https://maps.gstatic.com/mapfiles/place_api/icons/bar-71.png', 4.4, 'Baumhackergasse 2, Regensburg', NULL, NULL, NULL, NULL, NULL, NULL, NULL, NULL, NULL, NULL),
(71, '2016-03-08 15:39:58', '2016-03-08 15:39:58', 'Margaritas Bar Y Cantina Mexicano', 49.01, 12.103, 'ChIJX6cuPgvBn0cRHJMxNDvV0JI', 'https://maps.gstatic.com/mapfiles/place_api/icons/bar-71.png', 3.9, 'Furtmayrstraße 3, Regensburg', NULL, NULL, NULL, NULL, NULL, NULL, NULL, NULL, NULL, NULL),
(72, '2016-03-08 15:39:58', '2016-03-08 15:39:58', 'HA TIEN', 49.02, 12.095, 'ChIJmVQcVK_Bn0cRNx8eWDVXbLI', 'https://maps.gstatic.com/mapfiles/place_api/icons/restaurant-71.png', 4.8, 'Kohlenmarkt 1, Regensburg', NULL, NULL, NULL, NULL, NULL, NULL, NULL, NULL, NULL, NULL),
(73, '2016-03-08 15:39:58', '2016-03-08 15:39:58', 'Jazzclub Regensburg e.V.', 49.0183, 12.1035, 'ChIJCTVhZqHBn0cR5nId57GEXxE', 'https://maps.gstatic.com/mapfiles/place_api/icons/bar-71.png', NULL, 'Bertoldstraße 9, Regensburg', NULL, NULL, NULL, NULL, NULL, NULL, NULL, NULL, NULL, NULL),
(74, '2016-03-08 15:39:58', '2016-03-08 15:39:58', 'Pauls Boutique', 49.0173, 12.1012, 'ChIJ2WwDM6HBn0cRRi5KCjaj7CE', 'https://maps.gstatic.com/mapfiles/place_api/icons/lodging-71.png', 3.9, 'D.-Martin-Luther-Straße 2, Regensburg', NULL, NULL, NULL, NULL, NULL, NULL, NULL, NULL, NULL, NULL),
(75, '2016-03-08 15:39:58', '2016-03-08 15:39:58', 'Moccabar', 49.0207, 12.0969, 'ChIJvR6P7KXBn0cRA8K4KpPPmNY', 'https://maps.gstatic.com/mapfiles/place_api/icons/bar-71.png', NULL, 'Brückstraße 5, Regensburg', NULL, NULL, NULL, NULL, NULL, NULL, NULL, NULL, NULL, NULL),
(76, '2016-03-08 15:39:58', '2016-03-08 15:39:58', 'Pony', 49.0179, 12.0947, 'ChIJ2y5bJqbBn0cRh18kYhvudYg', 'https://maps.gstatic.com/mapfiles/place_api/icons/bar-71.png', 3.9, 'Obere Bachgasse 8, Regensburg', NULL, NULL, NULL, NULL, NULL, NULL, NULL, NULL, NULL, NULL),
(77, '2016-03-08 15:39:58', '2016-03-08 15:39:58', 'Carlito´s Bistro & Cocktailbar', 49.0187, 12.0929, 'ChIJG0Z26qjBn0cResgy5nUP-UE', 'https://maps.gstatic.com/mapfiles/place_api/icons/bar-71.png', 4.1, 'Gesandtenstraße 8, Regensburg', NULL, NULL, NULL, NULL, NULL, NULL, NULL, NULL, NULL, NULL),
(78, '2016-03-08 15:39:58', '2016-03-08 15:39:58', 'Central', 49.0189, 12.0933, 'ChIJkVLAuKjBn0cRcJraelPo9Zo', 'https://maps.gstatic.com/mapfiles/place_api/icons/bar-71.png', NULL, 'Rote-Hahnen-Gasse 8, Regensburg', NULL, NULL, NULL, NULL, NULL, NULL, NULL, NULL, NULL, NULL),
(79, '2016-03-08 15:39:58', '2016-03-08 15:39:58', 'Murphy''s Law', 49.0177, 12.094, 'ChIJBbFmg6jBn0cRKrSiS6IfQ0I', 'https://maps.gstatic.com/mapfiles/place_api/icons/restaurant-71.png', 4.7, 'Spiegelgasse 6, Regensburg', NULL, NULL, NULL, NULL, NULL, NULL, NULL, NULL, NULL, NULL),
(80, '2016-03-08 15:39:58', '2016-03-08 15:39:58', 'Profil', 49.0206, 12.088, 'ChIJNU7MB6zBn0cRGKaZMmR-fjc', 'https://maps.gstatic.com/mapfiles/place_api/icons/cafe-71.png', NULL, 'Winklergasse 18, Regensburg', NULL, NULL, NULL, NULL, NULL, NULL, NULL, NULL, NULL, NULL),
(81, '2016-03-08 15:39:58', '2016-03-08 15:39:58', 'Mood', 49.0212, 12.0964, 'ChIJVx2KjqXBn0cRGnUc8KirjSw', 'https://maps.gstatic.com/mapfiles/place_api/icons/bar-71.png', 4.1, 'Am Wiedfang 2, Regensburg', NULL, NULL, NULL, NULL, NULL, NULL, NULL, NULL, NULL, NULL),
(82, '2016-03-08 15:39:58', '2016-03-08 15:39:58', 'No 7', 49.0193, 12.0919, 'ChIJcV5I2KjBn0cRrg-N2fuduJQ', 'https://maps.gstatic.com/mapfiles/place_api/icons/bar-71.png', 4.2, 'Glockengasse 3, Regensburg', NULL, NULL, NULL, NULL, NULL, NULL, NULL, NULL, NULL, NULL),
(83, '2016-03-08 15:39:58', '2016-03-08 15:39:58', 'Palletti-Bar', 49.0187, 12.0929, 'ChIJwazwlajBn0cRgOnE0F8eIKA', 'https://maps.gstatic.com/mapfiles/place_api/icons/bar-71.png', 4.3, 'Pustetpassage, Gesandtenstraße 6, Regensburg', NULL, NULL, NULL, NULL, NULL, NULL, NULL, NULL, NULL, NULL),
(84, '2016-03-08 15:39:58', '2016-03-08 15:39:58', 'BÜRO', 49.0213, 12.0925, 'ChIJ2Wov4K7Bn0cRtUOuHxIc3lg', 'https://maps.gstatic.com/mapfiles/place_api/icons/bar-71.png', NULL, 'Keplerstraße 15, Regensburg', NULL, NULL, NULL, NULL, NULL, NULL, NULL, NULL, NULL, NULL),
(85, '2016-03-08 15:39:58', '2016-03-08 15:39:58', 'Orkan', 49.0217, 12.0903, 'ChIJf1WJl67Bn0cR_hocWiEL4pw', 'https://maps.gstatic.com/mapfiles/place_api/icons/bar-71.png', 4.3, 'Holzländestraße 1, Regensburg', NULL, NULL, NULL, NULL, NULL, NULL, NULL, NULL, NULL, NULL),
(86, '2016-03-08 15:39:58', '2016-03-08 15:39:58', 'Restaurant Beos', 49.0191, 12.095, 'ChIJ-_EdqKjBn0cRVWhp5fEKThg', 'https://maps.gstatic.com/mapfiles/place_api/icons/restaurant-71.png', NULL, 'Untere Bachgasse 9, Regensburg', NULL, NULL, NULL, NULL, NULL, NULL, NULL, NULL, NULL, NULL),
(87, '2016-03-08 15:39:58', '2016-03-08 15:39:58', 'Hinterhaus', 49.0194, 12.0927, 'ChIJUW2wz6jBn0cRbDtGnIm-uFQ', 'https://maps.gstatic.com/mapfiles/place_api/icons/bar-71.png', 4.1, 'Rote-Hahnen-Gasse 2, Regensburgo', NULL, NULL, NULL, NULL, NULL, NULL, NULL, NULL, NULL, NULL),
(88, '2016-03-08 15:39:58', '2016-03-08 15:39:58', 'Cafe-Bar', 49.0186, 12.0919, 'ChIJ07E456jBn0cR0qIMEQSWSc4', 'https://maps.gstatic.com/mapfiles/place_api/icons/bar-71.png', 4.4, 'Gesandtenstraße 14, Regensburg', NULL, NULL, NULL, NULL, NULL, NULL, NULL, NULL, NULL, NULL),
(89, '2016-03-08 15:39:58', '2016-03-08 15:39:58', 'KA5PER cocktailbar', 49.019, 12.0942, 'ChIJG1U4pajBn0cRbhYb6Oy5nTU', 'https://maps.gstatic.com/mapfiles/place_api/icons/bar-71.png', 4.2, 'Hinter der Grieb 5, Regensburg', NULL, NULL, NULL, NULL, NULL, NULL, NULL, NULL, NULL, NULL),
(90, '2016-03-08 15:39:58', '2016-03-08 15:39:58', 'Max''s Bar', 49.0152, 12.0996, 'ChIJq-Z4SafBn0cRB7kkXAt1acE', 'https://maps.gstatic.com/mapfiles/place_api/icons/bar-71.png', NULL, 'Maximilianstraße 28, Regensburg', NULL, NULL, NULL, NULL, NULL, NULL, NULL, NULL, NULL, NULL),
(91, '2016-03-08 15:39:58', '2016-03-08 15:39:58', 'Crazy Voice Karaoke', 49.0177, 12.0843, 'ChIJL6esVqrBn0cRiR_2ImGiwHU', 'https://maps.gstatic.com/mapfiles/place_api/icons/bar-71.png', NULL, 'Dechbettener Straße 4A, Regensburg', NULL, NULL, NULL, NULL, NULL, NULL, NULL, NULL, NULL, NULL),
(92, '2016-03-08 15:39:58', '2016-03-08 15:39:58', 'SportsPig', 49.0166, 12.0976, 'ChIJ8ZupAafBn0cRcWv6LBtRGQI', 'https://maps.gstatic.com/mapfiles/place_api/icons/bar-71.png', NULL, 'Simadergasse 2A, Regensburg', NULL, NULL, NULL, NULL, NULL, NULL, NULL, NULL, NULL, NULL),
(93, '2016-03-08 15:39:58', '2016-03-08 15:39:58', 'blomberg - Cafe Bar', 49.0205, 12.0893, 'ChIJK1ATrK7Bn0cR6umcU8nDUrc', 'https://maps.gstatic.com/mapfiles/place_api/icons/bar-71.png', NULL, 'Rote-Löwen-Straße 7, Regensburg', NULL, NULL, NULL, NULL, NULL, NULL, NULL, NULL, NULL, NULL),
(94, '2016-03-08 15:39:58', '2016-03-08 15:39:58', 'Emma', 49.0163, 12.0919, 'ChIJ04Ik4h-OC0ERJqSSjAQ-KAc', 'https://maps.gstatic.com/mapfiles/place_api/icons/cafe-71.png', NULL, 'Roter-Lilien-Winkel 2, Regensburg', NULL, NULL, NULL, NULL, NULL, NULL, NULL, NULL, NULL, NULL),
(95, '2016-03-08 15:39:58', '2016-03-08 15:39:58', 'Scala', 49.0187, 12.0929, 'ChIJwx-pwpvBn0cRA6T5d6JOEbE', 'https://maps.gstatic.com/mapfiles/place_api/icons/bar-71.png', 4, 'Gesandtenstraße 6, Regensburg', NULL, NULL, NULL, NULL, NULL, NULL, NULL, NULL, NULL, NULL),
(96, '2016-03-08 15:39:58', '2016-03-08 15:39:58', 'Vinzenzmurr Metzgerei - Regensburg', 49.0188, 12.0978, 'ChIJ_7hQe6bBn0cRCFjJao4Rvy4', 'https://maps.gstatic.com/mapfiles/place_api/icons/shopping-71.png', NULL, 'Pfauengasse 2, Regensburg', NULL, NULL, NULL, NULL, NULL, NULL, NULL, NULL, NULL, NULL),
(97, '2016-03-08 15:39:58', '2016-03-08 15:39:58', 'CLIXX Billard, Bar & More Billardfachhandel', 49.0097, 12.1002, 'ChIJj1g7dAvBn0cR9x8BhhmYYlM', 'https://maps.gstatic.com/mapfiles/place_api/icons/bar-71.png', 4.3, 'Galgenbergstraße 2, Regensburg', NULL, NULL, NULL, NULL, NULL, NULL, NULL, NULL, NULL, NULL),
(98, '2016-03-08 15:39:58', '2016-03-08 15:39:58', 'Stella Eiscafé - Crêpes', 49.0212, 12.0969, 'ChIJZUankaXBn0cRXGZ6xIDgqTY', 'https://maps.gstatic.com/mapfiles/place_api/icons/shopping-71.png', 4.8, 'Brückstraße 2, Regensburg', NULL, NULL, NULL, NULL, NULL, NULL, NULL, NULL, NULL, NULL),
(99, '2016-03-08 15:39:58', '2016-03-08 15:39:58', 'Plan 9 - Vegane Küche & Bar', 49.019, 12.0917, 'ChIJ91O_CaPBn0cRIGDT13XdGDc', 'https://maps.gstatic.com/mapfiles/place_api/icons/restaurant-71.png', 4.6, 'Steinergasse 4, Regensburg', NULL, NULL, NULL, NULL, NULL, NULL, NULL, NULL, NULL, NULL),
(100, '2016-03-08 15:39:58', '2016-03-08 15:39:58', 'Oriental Shisha- und Cocktailbar', 49.0211, 12.0952, 'ChIJxff4Zq_Bn0cRdheV9G6P4X4', 'https://maps.gstatic.com/mapfiles/place_api/icons/bar-71.png', NULL, 'Fischmarkt 4, Regensburg', NULL, NULL, NULL, NULL, NULL, NULL, NULL, NULL, NULL, NULL),
(101, '2016-03-08 15:39:58', '2016-03-08 15:39:58', 'Heimat Regensburg', 49.02, 12.0919, 'ChIJZ_rPlKXBn0cRBGByM8u3qVU', 'https://maps.gstatic.com/mapfiles/place_api/icons/bar-71.png', 4.2, 'Am Römling 9, Regensburg', NULL, NULL, NULL, NULL, NULL, NULL, NULL, NULL, NULL, NULL),
(102, '2016-03-08 15:39:58', '2016-03-08 15:39:58', 'Segafredo Espresso Bar', 49.0184, 12.0944, 'ChIJTQ-2oKjBn0cRK-vgNVFih4c', 'https://maps.gstatic.com/mapfiles/place_api/icons/bar-71.png', NULL, 'Untere Bachgasse 12-14, Regensburg', NULL, NULL, NULL, NULL, NULL, NULL, NULL, NULL, NULL, NULL),
(103, '2016-03-08 15:39:58', '2016-03-08 15:39:58', 'Vinzenzmurr Metzgerei - Regensburg', 49.0178, 12.098, 'ChIJx8Pb9abBn0cRXHKCmIkiipU', 'https://maps.gstatic.com/mapfiles/place_api/icons/shopping-71.png', NULL, 'Weiße-Lilien-Straße 1, Regensburg', NULL, NULL, NULL, NULL, NULL, NULL, NULL, NULL, NULL, NULL),
(104, '2016-03-08 15:39:58', '2016-03-08 15:39:58', 'Noah - Café / Bar / Lounge', 49.0194, 12.0932, 'ChIJN9x_pajBn0cRKnULLZXfd5M', 'https://maps.gstatic.com/mapfiles/place_api/icons/cafe-71.png', NULL, 'Haidplatz 2, Regensburg', NULL, NULL, NULL, NULL, NULL, NULL, NULL, NULL, NULL, NULL),
(105, '2016-03-08 15:39:58', '2016-03-08 15:39:58', 'hausbar', 49.019, 12.0941, 'ChIJvQDSuqjBn0cR7-PYPmX-5yI', 'https://maps.gstatic.com/mapfiles/place_api/icons/bar-71.png', NULL, 'Hinter der Grieb 7, Regensburg', NULL, NULL, NULL, NULL, NULL, NULL, NULL, NULL, NULL, NULL),
(106, '2016-03-08 15:39:58', '2016-03-08 15:39:58', 'Haus Heuport', 49.0195, 12.0969, 'ChIJtR7e36XBn0cRc0Tm4ynaW8k', 'https://maps.gstatic.com/mapfiles/place_api/icons/restaurant-71.png', 2.9, 'Domplatz 7, Regensburg', NULL, NULL, NULL, NULL, NULL, NULL, NULL, NULL, NULL, NULL),
(107, '2016-03-08 15:39:58', '2016-03-08 15:39:58', 'Café Prinzess', 49.0201, 12.0946, 'ChIJ2RJqUa_Bn0cRuANRiWxB-GY', 'https://maps.gstatic.com/mapfiles/place_api/icons/cafe-71.png', 4.4, 'Rathausplatz 2, Regensburg', NULL, NULL, NULL, NULL, NULL, NULL, NULL, NULL, NULL, NULL),
(108, '2016-03-08 15:39:58', '2016-03-08 15:39:58', 'Goldenes Kreuz', 49.0199, 12.0927, 'ChIJsays0qjBn0cRWVDQjkFzmKc', 'https://maps.gstatic.com/mapfiles/place_api/icons/cafe-71.png', NULL, 'Haidplatz 7, Regensburg', NULL, NULL, NULL, NULL, NULL, NULL, NULL, NULL, NULL, NULL),
(109, '2016-03-08 15:39:58', '2016-03-08 15:39:58', 'McDonald''s Restaurant', 49.015, 12.1004, 'ChIJedUPtKDBn0cRTGNWQeqSGqA', 'https://maps.gstatic.com/mapfiles/place_api/icons/restaurant-71.png', 3.1, 'Maximilianstraße 29, Regensburg', NULL, NULL, NULL, NULL, NULL, NULL, NULL, NULL, NULL, NULL),
(110, '2016-03-08 15:39:58', '2016-03-08 15:39:58', 'Cafe Felix', 49.0163, 12.098, 'ChIJCZA0BafBn0cRlgLX91HHXy0', 'https://maps.gstatic.com/mapfiles/place_api/icons/cafe-71.png', 4, 'Fröhliche-Türken-Straße 6, Regensburg', NULL, NULL, NULL, NULL, NULL, NULL, NULL, NULL, NULL, NULL),
(111, '2016-03-08 15:39:58', '2016-03-08 15:39:58', 'Caffé Rinaldi', 49.0193, 12.1002, 'ChIJi1eCH6TBn0cR6mAKsJIC6Rg', 'https://maps.gstatic.com/mapfiles/place_api/icons/cafe-71.png', 4.9, 'Alter Kornmarkt 3A, Regensburg', NULL, NULL, NULL, NULL, NULL, NULL, NULL, NULL, NULL, NULL),
(112, '2016-03-08 15:39:58', '2016-03-08 15:39:58', 'Cafe unter den Linden', 49.0192, 12.0826, 'ChIJ2w6apqvBn0cReVTFhWFVuxI', 'https://maps.gstatic.com/mapfiles/place_api/icons/restaurant-71.png', 3.3, 'Dr.-Johann-Maier-Straße 1, Regensburg', NULL, NULL, NULL, NULL, NULL, NULL, NULL, NULL, NULL, NULL),
(113, '2016-03-08 15:39:58', '2016-03-08 15:39:58', 'Konditorei Café Pernsteiner', 49.0168, 12.1074, 'ChIJ-f4x2aHBn0cRfgrmmR6GvCc', 'https://maps.gstatic.com/mapfiles/place_api/icons/cafe-71.png', 4.2, 'Von-der-Tann-Straße 40, Regensburg', NULL, NULL, NULL, NULL, NULL, NULL, NULL, NULL, NULL, NULL),
(114, '2016-03-08 15:39:58', '2016-03-08 15:39:58', 'Teehaus Bachfischer', 49.018, 12.0995, 'ChIJeRWylabBn0cRSYNK7FdU0uE', 'https://maps.gstatic.com/mapfiles/place_api/icons/cafe-71.png', NULL, 'Kapellengasse 6, Regensburg', NULL, NULL, NULL, NULL, NULL, NULL, NULL, NULL, NULL, NULL),
(115, '2016-03-08 15:39:58', '2016-03-08 15:39:58', 'Neue Filmbühne', 49.0184, 12.0899, 'ChIJofNqEqnBn0cRaBCu8sksveo', 'https://maps.gstatic.com/mapfiles/place_api/icons/cafe-71.png', 4, 'Bismarckplatz 9, Regensburg', NULL, NULL, NULL, NULL, NULL, NULL, NULL, NULL, NULL, NULL),
(116, '2016-03-08 15:39:58', '2016-03-08 15:39:58', 'Café Züchtig', 49.0158, 12.1068, 'ChIJfQEdMaDBn0cRhzge6qE9HfI', 'https://maps.gstatic.com/mapfiles/place_api/icons/cafe-71.png', NULL, 'Gabelsbergerstraße 14, Regensburg', NULL, NULL, NULL, NULL, NULL, NULL, NULL, NULL, NULL, NULL),
(117, '2016-03-08 15:39:58', '2016-03-08 15:39:58', 'Exil Türkisch-Kurdische Küche Kaffee', 49.0209, 12.0899, 'ChIJsxqYuq7Bn0cRAmGARauJd38', 'https://maps.gstatic.com/mapfiles/place_api/icons/cafe-71.png', 4.2, 'Regensburg', NULL, NULL, NULL, NULL, NULL, NULL, NULL, NULL, NULL, NULL),
(118, '2016-03-08 15:39:58', '2016-03-08 15:39:58', 'Kona Coffee Garden', 49.0171, 12.0974, 'ChIJ_wZ1VqbBn0cRIETnfO8dx-Q', 'https://maps.gstatic.com/mapfiles/place_api/icons/cafe-71.png', 3.9, 'St.-Kassians-Platz 6, Regensburg', NULL, NULL, NULL, NULL, NULL, NULL, NULL, NULL, NULL, NULL),
(119, '2016-03-08 15:39:58', '2016-03-08 15:39:58', 'Museumscafé im Historischen Museum', 49.0178, 12.1024, 'ChIJ9U18R6HBn0cRB8Y-tIoT748', 'https://maps.gstatic.com/mapfiles/place_api/icons/cafe-71.png', 4.1, 'Dachauplatz 4, Regensburg', NULL, NULL, NULL, NULL, NULL, NULL, NULL, NULL, NULL, NULL),
(120, '2016-03-08 15:39:58', '2016-03-08 15:39:58', 'Café Sofa', 49.0183, 12.0943, 'ChIJo5jfnqjBn0cRxsR8d3GvWa4', 'https://maps.gstatic.com/mapfiles/place_api/icons/cafe-71.png', 4.6, 'Spiegelgasse 1, Regensburg', NULL, NULL, NULL, NULL, NULL, NULL, NULL, NULL, NULL, NULL),
(121, '2016-03-08 15:39:58', '2016-03-08 15:39:58', 'BLACK BEAN - The Coffee Company', 49.0185, 12.0932, 'ChIJUTMAVqbBn0cRGgAUzXpqA68', 'https://maps.gstatic.com/mapfiles/place_api/icons/cafe-71.png', 4.2, 'Gesandtenstraße 3, Regensburg', NULL, NULL, NULL, NULL, NULL, NULL, NULL, NULL, NULL, NULL),
(122, '2016-03-08 15:39:58', '2016-03-08 15:39:58', 'Café Lila', 49.0194, 12.0927, 'ChIJhQIIz6jBn0cRbeMr4_6KVOQ', 'https://maps.gstatic.com/mapfiles/place_api/icons/cafe-71.png', 4.2, 'Rote-Hahnen-Gasse 2, Regensburg', NULL, NULL, NULL, NULL, NULL, NULL, NULL, NULL, NULL, NULL),
(123, '2016-03-08 15:39:58', '2016-03-08 15:39:58', 'Schierstadt Bar Café', 49.0251, 12.0972, 'ChIJj7-WBbDBn0cRbSFlp2FPgD4', 'https://maps.gstatic.com/mapfiles/place_api/icons/cafe-71.png', NULL, 'An der Schierstadt 1, Regensburg', NULL, NULL, NULL, NULL, NULL, NULL, NULL, NULL, NULL, NULL),
(124, '2016-03-08 15:39:58', '2016-03-08 15:39:58', 'Café Prock', 49.0204, 12.096, 'ChIJrwgr8aXBn0cRLhsn_IZRiPI', 'https://maps.gstatic.com/mapfiles/place_api/icons/cafe-71.png', NULL, 'Blaue-Lilien-Gasse 3, Regensburg', NULL, NULL, NULL, NULL, NULL, NULL, NULL, NULL, NULL, NULL),
(125, '2016-03-08 15:39:58', '2016-03-08 15:39:58', 'Eiscafe Am Dom', 49.02, 12.097, 'ChIJJz8uw6XBn0cR52xRMTX_6FI', 'https://maps.gstatic.com/mapfiles/place_api/icons/cafe-71.png', 4.3, 'Krauterermarkt 2, Regensburg', NULL, NULL, NULL, NULL, NULL, NULL, NULL, NULL, NULL, NULL),
(126, '2016-03-08 15:39:58', '2016-03-08 15:39:58', 'Café Bistro La Chapelle', 49.0193, 12.0999, 'ChIJDWpeIKTBn0cRzEnIKGIoMy8', 'https://maps.gstatic.com/mapfiles/place_api/icons/cafe-71.png', 4.9, 'Alter Kornmarkt 1, Regensburg', NULL, NULL, NULL, NULL, NULL, NULL, NULL, NULL, NULL, NULL),
(127, '2016-03-08 15:39:58', '2016-03-08 15:39:58', 'Café Rauhut', 49.01, 12.112, 'ChIJszfXhnbBn0cRzeDemRDIGV0', 'https://maps.gstatic.com/mapfiles/place_api/icons/cafe-71.png', NULL, 'Landshuter Straße 44, Regensburg', NULL, NULL, NULL, NULL, NULL, NULL, NULL, NULL, NULL, NULL),
(128, '2016-03-08 15:39:58', '2016-03-08 15:39:58', 'Kochhaus Regensburg', 49.0178, 12.0983, 'ChIJfWDv86bBn0cRYUcKDidLLyk', 'https://maps.gstatic.com/mapfiles/place_api/icons/shopping-71.png', NULL, 'Schwarze-Bären-Straße 2, Regensburg', NULL, NULL, NULL, NULL, NULL, NULL, NULL, NULL, NULL, NULL),
(129, '2016-03-08 15:39:58', '2016-03-08 15:39:58', 'Café LOLA - soul food & drinks', 49.0174, 12.0959, 'ChIJk14ANqbBn0cRYYxOQvMTWpY', 'https://maps.gstatic.com/mapfiles/place_api/icons/cafe-71.png', 4.4, 'Pfarrergasse 6, Regensburg', NULL, NULL, NULL, NULL, NULL, NULL, NULL, NULL, NULL, NULL),
(130, '2016-03-08 15:39:58', '2016-03-08 15:39:58', 'Gelato & Caffe, Arcaden', 49.0109, 12.0996, 'ChIJefTkvwvBn0cRyhbGM8VwFRw', 'https://maps.gstatic.com/mapfiles/place_api/icons/shopping-71.png', NULL, 'Friedenstr. 23, Regensburg', NULL, NULL, NULL, NULL, NULL, NULL, NULL, NULL, NULL, NULL),
(131, '2016-03-08 15:39:58', '2016-03-08 15:39:58', 'San Francisco Coffee Company', 49.0109, 12.0999, 'ChIJefTkvwvBn0cRhUYIKrJ5h9A', 'https://maps.gstatic.com/mapfiles/place_api/icons/cafe-71.png', NULL, 'Regensburg Arcaden, Friedenstraße 23, Regensb', NULL, NULL, NULL, NULL, NULL, NULL, NULL, NULL, NULL, NULL),
(132, '2016-03-08 15:39:58', '2016-03-08 15:39:58', 'Teehaus Bachfischer Versand KG', 49.0181, 12.0995, 'ChIJeRWylabBn0cRhoS-u99bvjU', 'https://maps.gstatic.com/mapfiles/place_api/icons/cafe-71.png', NULL, 'Kapellengasse 6, Regensburg', NULL, NULL, NULL, NULL, NULL, NULL, NULL, NULL, NULL, NULL),
(133, '2016-03-08 15:39:58', '2016-03-08 15:39:58', 'Mono Bar', 49.0194, 12.0927, 'ChIJhQIIz6jBn0cRxKuNRRpwqgY', 'https://maps.gstatic.com/mapfiles/place_api/icons/cafe-71.png', 4.5, 'Rote-Hahnen-Gasse 2, Regensburg', NULL, NULL, NULL, NULL, NULL, NULL, NULL, NULL, NULL, NULL),
(134, '2016-03-08 15:39:58', '2016-03-08 15:39:58', 'Kaffeelotte', 49.0195, 12.0951, 'ChIJZ099qqjBn0cRXz90fvAqq5A', 'https://maps.gstatic.com/mapfiles/place_api/icons/cafe-71.png', 4.8, 'Untere Bachgasse 5, Regensburg', NULL, NULL, NULL, NULL, NULL, NULL, NULL, NULL, NULL, NULL),
(135, '2016-03-08 15:39:58', '2016-03-08 15:39:58', 'Café Verschmitzt', 49.0132, 12.1027, 'ChIJA7iWnaDBn0cR-5McXLy1bhg', 'https://maps.gstatic.com/mapfiles/place_api/icons/cafe-71.png', NULL, 'Hemauerstraße 6, Regensburg', NULL, NULL, NULL, NULL, NULL, NULL, NULL, NULL, NULL, NULL),
(136, '2016-03-08 15:39:58', '2016-03-08 15:39:58', 'TR Cafebetriebe', 49.0201, 12.0965, 'ChIJUa6Q5aXBn0cRPIrQGH9jTEc', 'https://maps.gstatic.com/mapfiles/place_api/icons/cafe-71.png', NULL, 'Watmarkt 5, Regensburg', NULL, NULL, NULL, NULL, NULL, NULL, NULL, NULL, NULL, NULL),
(137, '2016-03-08 15:39:58', '2016-03-08 15:39:58', 'KAFFEEMANUFAKTUR - Der Laden Nr. 2 -', 49.0168, 12.0947, 'ChIJ4_CK0afBn0cR0o3LN_tt03Q', 'https://maps.gstatic.com/mapfiles/place_api/icons/cafe-71.png', NULL, 'Obere Bachgasse 21, Regensburg', NULL, NULL, NULL, NULL, NULL, NULL, NULL, NULL, NULL, NULL),
(138, '2016-03-08 15:39:58', '2016-03-08 15:39:58', 'Relax Café & Sportsbar', 49.0165, 12.0959, 'ChIJJ2Y_t6fBn0cRjYHBsAJT1aE', 'https://maps.gstatic.com/mapfiles/place_api/icons/cafe-71.png', NULL, 'Obermünsterstraße 2, Regensburg', NULL, NULL, NULL, NULL, NULL, NULL, NULL, NULL, NULL, NULL),
(139, '2016-03-08 15:39:58', '2016-03-08 15:39:58', 'DINEA Gastronomie GmbH', 49.0181, 12.0971, 'ChIJwadCXiCOC0ERu33A4Euutns', 'https://maps.gstatic.com/mapfiles/place_api/icons/restaurant-71.png', NULL, 'Neupfarrplatz 8, Regensburg', NULL, NULL, NULL, NULL, NULL, NULL, NULL, NULL, NULL, NULL),
(140, '2016-03-08 15:39:58', '2016-03-08 15:39:58', 'Museums - Café', 49.0148, 12.0925, 'ChIJFdi90uGRC0ERQ1JYUpVFl2o', 'https://maps.gstatic.com/mapfiles/place_api/icons/cafe-71.png', NULL, 'Emmeramsplatz 5, Regensburg', NULL, NULL, NULL, NULL, NULL, NULL, NULL, NULL, NULL, NULL),
(141, '2016-03-08 15:39:58', '2016-03-08 15:39:58', 'Cafe Anna', 49.0183, 12.0932, 'ChIJi594aSCOC0ER2gnOLYQLFGg', 'https://maps.gstatic.com/mapfiles/place_api/icons/cafe-71.png', 4.2, 'Gesandtenstraße 5, Regensburg', NULL, NULL, NULL, NULL, NULL, NULL, NULL, NULL, NULL, NULL),
(142, '2016-03-08 15:39:58', '2016-03-08 15:39:58', 'Taracafé', 49.0173, 12.1, 'ChIJF-CPxKbBn0cRVgHAXEH-Bd4', 'https://maps.gstatic.com/mapfiles/place_api/icons/cafe-71.png', 4.9, 'Am Brixener Hof 5, Regensburg', NULL, NULL, NULL, NULL, NULL, NULL, NULL, NULL, NULL, NULL),
(143, '2016-03-08 15:39:58', '2016-03-08 15:39:58', 'Foltran Caffè GmbH', 49.0193, 12.1002, 'ChIJi1eCH6TBn0cR3D84cte6MZM', 'https://maps.gstatic.com/mapfiles/place_api/icons/cafe-71.png', NULL, 'Alter Kornmarkt 3A, Regensburg', NULL, NULL, NULL, NULL, NULL, NULL, NULL, NULL, NULL, NULL),
(144, '2016-03-08 15:39:58', '2016-03-08 15:39:58', 'Cafe Fürstenhof', 49.0174, 12.1004, 'ChIJZ_Yhz6bBn0cRHRyFFalwvwM', 'https://maps.gstatic.com/mapfiles/place_api/icons/cafe-71.png', NULL, 'Maximilianstraße 4, Regensburg', NULL, NULL, NULL, NULL, NULL, NULL, NULL, NULL, NULL, NULL),
(145, '2016-03-08 15:39:58', '2016-03-08 15:39:58', 'Rossi - Italienische Tagesbar Café Eis-Manufaktur', 49.0182, 12.0969, 'ChIJRw70bKbBn0cRzp3Drm97za8', 'https://maps.gstatic.com/mapfiles/place_api/icons/shopping-71.png', NULL, 'Neupfarrplatz 8, Regensburg', NULL, NULL, NULL, NULL, NULL, NULL, NULL, NULL, NULL, NULL),
(146, '2016-03-08 15:39:58', '2016-03-08 15:39:58', 'Venezia M. Tomasella e.K.', 49.0196, 12.092, 'ChIJ8w5q1qjBn0cRAN2rxoYyChM', 'https://maps.gstatic.com/mapfiles/place_api/icons/cafe-71.png', NULL, 'Glockengasse 1, Regensburg', NULL, NULL, NULL, NULL, NULL, NULL, NULL, NULL, NULL, NULL),
(147, '2016-03-08 15:39:58', '2016-03-08 15:39:58', 'KuBa Coffee and Lifestyle', 49.0204, 12.0972, 'ChIJO0wc6qXBn0cRF1Hy8zF3ulI', 'https://maps.gstatic.com/mapfiles/place_api/icons/cafe-71.png', NULL, 'Taubengäßchen 3, Regensburg', NULL, NULL, NULL, NULL, NULL, NULL, NULL, NULL, NULL, NULL),
(148, '2016-03-08 15:39:58', '2016-03-08 15:39:58', 'Cafebar Otto Cafébar', 49.0198, 12.0963, 'ChIJ-RRm46XBn0cRG8HBtZigrcs', 'https://maps.gstatic.com/mapfiles/place_api/icons/bar-71.png', NULL, 'Tändlergasse 4, Regensburg', NULL, NULL, NULL, NULL, NULL, NULL, NULL, NULL, NULL, NULL),
(149, '2016-03-08 15:39:58', '2016-03-08 15:39:58', 'Café Latte', 49.0256, 12.1171, 'ChIJo7Q-25bBn0cRgqafcyt33nQ', 'https://maps.gstatic.com/mapfiles/place_api/icons/cafe-71.png', NULL, 'Weichser Weg 5, Regensburg', NULL, NULL, NULL, NULL, NULL, NULL, NULL, NULL, NULL, NULL),
(150, '2016-03-08 15:39:58', '2016-03-08 15:39:58', 'Thomas Maier Casino Lounge', 49.019, 12.1013, 'ChIJmwoHAqTBn0cRVj7HgK4YcHk', 'https://maps.gstatic.com/mapfiles/place_api/icons/generic_business-71.png', NULL, 'Erhardigasse 11, Regensburg', NULL, NULL, NULL, NULL, NULL, NULL, NULL, NULL, NULL, NULL),
(151, '2016-03-08 15:39:58', '2016-03-08 15:39:58', 'St Vitus Karthaus Prüll und Museum des Bezirksklinikums', 49.0006, 12.0869, 'ChIJKdS_BxrBn0cRwYharwJJhJ8', 'https://maps.gstatic.com/mapfiles/place_api/icons/civic_building-71.png', NULL, 'Ludwig-Thoma-Straße 14, Regensburg', NULL, NULL, NULL, NULL, NULL, NULL, NULL, NULL, NULL, NULL),
(152, '2016-03-08 15:39:58', '2016-03-08 15:39:58', 'Altstadt von Regensburg mit Stadtamhof', 49.0203, 12.0951, 'ChIJZzpsaafBn0cRZoaC_-_c2RQ', 'https://maps.gstatic.com/mapfiles/place_api/icons/civic_building-71.png', NULL, 'Kohlenmarkt, Regensburg', NULL, NULL, NULL, NULL, NULL, NULL, NULL, NULL, NULL, NULL),
(153, '2016-03-08 15:39:58', '2016-03-08 15:39:58', 'Stadt Regensburg Tiefbauamt', 49.0173, 12.1022, 'ChIJhbW1O6HBn0cRU0OiSkcHu4s', 'https://maps.gstatic.com/mapfiles/place_api/icons/civic_building-71.png', NULL, 'D.-Martin-Luther-Straße 1, Regensburg', NULL, NULL, NULL, NULL, NULL, NULL, NULL, NULL, NULL, NULL),
(154, '2016-03-08 15:39:58', '2016-03-08 15:39:58', 'Brook Lane Hostel', 49.0168, 12.0947, 'ChIJQ1CB0afBn0cR1zcvG_pHLdE', 'https://maps.gstatic.com/mapfiles/place_api/icons/lodging-71.png', 4.4, 'Obere Bachgasse 21, Regensburg', NULL, NULL, NULL, NULL, NULL, NULL, NULL, NULL, NULL, NULL),
(155, '2016-03-08 15:39:58', '2016-03-08 15:39:58', 'YORMA''S Regensburg', 49.0122, 12.0999, 'ChIJAd1cOgrBn0cRHgHNGZMLb7k', 'https://maps.gstatic.com/mapfiles/place_api/icons/shopping-71.png', NULL, 'Bahnhofstraße, Regensburg', NULL, NULL, NULL, NULL, NULL, NULL, NULL, NULL, NULL, NULL),
(156, '2016-03-08 15:39:58', '2016-03-08 15:39:58', 'GALERIA Kaufhof Regensburg Neupfarrplatz', 49.0186, 12.0973, 'ChIJRw70bKbBn0cRaSAS2CHz2ss', 'https://maps.gstatic.com/mapfiles/place_api/icons/shopping-71.png', 3.8, 'Neupfarrplatz 8, Regensburg', NULL, NULL, NULL, NULL, NULL, NULL, NULL, NULL, NULL, NULL),
(157, '2016-03-08 15:39:58', '2016-03-08 15:39:58', 'Max Schreiner e.K.', 49.0181, 12.0988, 'ChIJK0V_kqbBn0cRspPtr8kvn0Q', 'https://maps.gstatic.com/mapfiles/place_api/icons/shopping-71.png', NULL, 'Salzburger Gasse 2, Regensburg', NULL, NULL, NULL, NULL, NULL, NULL, NULL, NULL, NULL, NULL),
(158, '2016-03-08 15:39:58', '2016-03-08 15:39:58', 'GALERIA Kaufhof Regensburg Donau-Einkaufszentrum', 49.0259, 12.1176, 'ChIJJ5agzZbBn0cRbZWoutJzL_M', 'https://maps.gstatic.com/mapfiles/place_api/icons/shopping-71.png', 3.7, 'Weichser Weg 5, Regensburg', NULL, NULL, NULL, NULL, NULL, NULL, NULL, NULL, NULL, NULL),
(159, '2016-03-08 15:39:58', '2016-03-08 15:39:58', 'TK Maxx', 49.0176, 12.0977, 'ChIJqdOoWabBn0cRQDPtEtTu__c', 'https://maps.gstatic.com/mapfiles/place_api/icons/shopping-71.png', 4.1, 'St.-Kassians-Platz 3, Regensburg', NULL, NULL, NULL, NULL, NULL, NULL, NULL, NULL, NULL, NULL),
(160, '2016-03-08 15:39:58', '2016-03-08 15:39:58', 'Das Kaufhäuschen', 49.0161, 12.0982, 'ChIJ3cKAGqfBn0cR4uFybmHPyzI', 'https://maps.gstatic.com/mapfiles/place_api/icons/shopping-71.png', NULL, 'Fröhliche-Türken-Straße 5, Regensburg', NULL, NULL, NULL, NULL, NULL, NULL, NULL, NULL, NULL, NULL),
(161, '2016-03-08 15:39:58', '2016-03-08 15:39:58', 'Hotel Bischofshof Am Dom', 49.0201, 12.0975, 'ChIJJz8uw6XBn0cRjyWEjhtARgM', 'https://maps.gstatic.com/mapfiles/place_api/icons/lodging-71.png', 3.9, 'Krauterermarkt 3, Regensburg', NULL, NULL, NULL, NULL, NULL, NULL, NULL, NULL, NULL, NULL),
(162, '2016-03-08 15:39:58', '2016-03-08 15:39:58', 'Reichsabtei Sankt Emmeram', 49.016, 12.0933, 'ChIJSQhuEqjBn0cR-vovNb0ABng', 'https://maps.gstatic.com/mapfiles/place_api/icons/generic_business-71.png', 4.2, 'Emmeramsplatz 3, Regensburg', NULL, NULL, NULL, NULL, NULL, NULL, NULL, NULL, NULL, NULL),
(163, '2016-03-08 15:39:58', '2016-03-08 15:39:58', 'Wurstkuchl', 49.0209, 12.0976, 'ChIJO5O-t6XBn0cRt8ZQVNgfTiM', 'https://maps.gstatic.com/mapfiles/place_api/icons/restaurant-71.png', 3.5, 'Thundorferstraße 3, Regensburg', NULL, NULL, NULL, NULL, NULL, NULL, NULL, NULL, NULL, NULL),
(164, '2016-03-08 15:39:58', '2016-03-08 15:39:58', 'Restaurant und Festsaal Leerer Beutel', 49.0184, 12.1033, 'ChIJCTVhZqHBn0cR8xwLq18RvVw', 'https://maps.gstatic.com/mapfiles/place_api/icons/restaurant-71.png', 3.3, 'Bertoldstraße 9, Regensburg', NULL, NULL, NULL, NULL, NULL, NULL, NULL, NULL, NULL, NULL),
(165, '2016-03-08 15:39:58', '2016-03-08 15:39:58', 'Kneitinger', 49.0197, 12.0891, 'ChIJCabwT6nBn0cR0E1DzLob4o0', 'https://maps.gstatic.com/mapfiles/place_api/icons/generic_business-71.png', 3.9, 'Arnulfsplatz 3, Regensburg', NULL, NULL, NULL, NULL, NULL, NULL, NULL, NULL, NULL, NULL),
(166, '2016-03-08 15:39:58', '2016-03-08 15:39:58', 'Dom Apotheke', 49.0186, 12.098, 'ChIJpanaYqbBn0cRgAVKhfMFilM', 'https://maps.gstatic.com/mapfiles/place_api/icons/shopping-71.png', 4.5, 'Frauenbergl 2, Regensburg', NULL, NULL, NULL, NULL, NULL, NULL, NULL, NULL, NULL, NULL),
(167, '2016-03-08 15:39:58', '2016-03-08 15:39:58', 'Caritas-Krankenhaus Sankt Josef', 49.0072, 12.1192, 'ChIJN4Hg8XnBn0cRJOvJM9xHiy4', 'https://maps.gstatic.com/mapfiles/place_api/icons/doctor-71.png', 4.4, 'Landshuter Straße 65, Regensburg', NULL, NULL, NULL, NULL, NULL, NULL, NULL, NULL, NULL, NULL),
(168, '2016-03-08 15:39:58', '2016-03-08 15:39:58', 'Theater Regensburg', 49.0191, 12.0896, 'ChIJgSaMQKnBn0cRKFDMRS6jbhI', 'https://maps.gstatic.com/mapfiles/place_api/icons/generic_business-71.png', 4.5, 'Bismarckplatz 7, Regensburg', NULL, NULL, NULL, NULL, NULL, NULL, NULL, NULL, NULL, NULL),
(169, '2016-03-08 15:39:58', '2016-03-08 15:39:58', 'Stone Bridge', 49.0222, 12.0972, 'ChIJG6GBeqXBn0cR2iwokAbUwLs', 'https://maps.gstatic.com/mapfiles/place_api/icons/generic_business-71.png', 4.3, 'Regensburg', NULL, NULL, NULL, NULL, NULL, NULL, NULL, NULL, NULL, NULL),
(170, '2016-03-08 15:39:58', '2016-03-08 15:39:58', 'Altes Rathaus', 49.0203, 12.0946, 'ChIJp34TUK_Bn0cRdjBmJDG_-Sw', 'https://maps.gstatic.com/mapfiles/place_api/icons/civic_building-71.png', 3.8, 'Rathausplatz 1, Regensburg', NULL, NULL, NULL, NULL, NULL, NULL, NULL, NULL, NULL, NULL),
(171, '2016-03-08 15:39:58', '2016-03-08 15:39:58', 'Dreieinigkeitskirche', 49.0184, 12.092, 'ChIJXxAl5qjBn0cRCPcDBhHCdyo', 'https://maps.gstatic.com/mapfiles/place_api/icons/worship_general-71.png', NULL, 'Am Ölberg 1, Regensburg', NULL, NULL, NULL, NULL, NULL, NULL, NULL, NULL, NULL, NULL),
(172, '2016-03-08 15:39:58', '2016-03-08 15:39:58', 'SORAT Insel-Hotel Regensburg', 49.023, 12.0952, 'ChIJi7QNl6_Bn0cRsUp8X0KWakU', 'https://maps.gstatic.com/mapfiles/place_api/icons/lodging-71.png', 4.5, 'Müllerstraße 7, Regensburg', NULL, NULL, NULL, NULL, NULL, NULL, NULL, NULL, NULL, NULL);
INSERT INTO `pois` (`id`, `created`, `modified`, `name`, `lat`, `lng`, `google_place`, `icon`, `rating`, `vicinity`, `formatted_phone_number`, `mail`, `website`, `social`, `description`, `user_ratings_total`, `opening_hours`, `weekday_text`, `photos`, `reviews`) VALUES
(173, '2016-03-08 15:39:58', '2016-03-08 15:39:58', 'Alte Kapelle', 49.0184, 12.1, 'ChIJ87DnpKbBn0cRz0tTVnqw9Bg', 'https://maps.gstatic.com/mapfiles/place_api/icons/worship_general-71.png', 4.7, 'Schwarze-Bären-Straße 7, Regensburg', NULL, NULL, NULL, NULL, NULL, NULL, NULL, NULL, NULL, NULL),
(174, '2016-03-08 15:39:58', '2016-03-08 15:39:58', 'Naturkundemuseum Ostbayern', 49.0221, 12.0833, 'ChIJ3UHMtazBn0cRmgexGzFk7M4', 'https://maps.gstatic.com/mapfiles/place_api/icons/museum-71.png', NULL, 'Am Prebrunntor 4, Regensburg', NULL, NULL, NULL, NULL, NULL, NULL, NULL, NULL, NULL, NULL),
(175, '2016-03-08 15:39:58', '2016-03-08 15:39:58', 'OSTENTOR Kino', 49.018, 12.1096, 'ChIJ0yxrvJ7Bn0cRD5b1c8xtXeg', 'https://maps.gstatic.com/mapfiles/place_api/icons/movies-71.png', 4.6, 'Adolf-Schmetzer-Straße 5, Regensburg', NULL, NULL, NULL, NULL, NULL, NULL, NULL, NULL, NULL, NULL),
(176, '2016-03-08 15:39:58', '2016-03-08 15:39:58', 'Eurostars Park Hotel Maximilian', 49.0151, 12.0996, 'ChIJq-Z4SafBn0cRskPOhLvfiN4', 'https://maps.gstatic.com/mapfiles/place_api/icons/lodging-71.png', 3.7, 'Maximilianstraße 28, Regensburg', NULL, NULL, NULL, NULL, NULL, NULL, NULL, NULL, NULL, NULL),
(177, '2016-03-08 15:39:58', '2016-03-08 15:39:58', 'Schloss Emmeram Park', 49.0146, 12.0948, 'ChIJaVuH1aDBn0cR1qJFLMwzEAo', 'https://maps.gstatic.com/mapfiles/place_api/icons/generic_recreational-71.png', 4.8, 'Germany', NULL, NULL, NULL, NULL, NULL, NULL, NULL, NULL, NULL, NULL),
(178, '2016-03-08 15:39:58', '2016-03-08 15:39:58', 'Hotel ibis Regensburg City', 49.0103, 12.1023, 'ChIJp3tIEAvBn0cRXt0he3jx0eI', 'https://maps.gstatic.com/mapfiles/place_api/icons/lodging-71.png', 4.2, 'Furtmayrstraße 1, Regensburg', NULL, NULL, NULL, NULL, NULL, NULL, NULL, NULL, NULL, NULL),
(179, '2016-03-08 15:39:58', '2016-03-08 15:39:58', 'Historisches Museum Regensburg', 49.0178, 12.1021, 'ChIJ58hESKHBn0cR2s1Z9bkN7So', 'https://maps.gstatic.com/mapfiles/place_api/icons/museum-71.png', 4.3, 'Dachauplatz 2-4, Regensburg', NULL, NULL, NULL, NULL, NULL, NULL, NULL, NULL, NULL, NULL),
(180, '2016-03-08 15:39:58', '2016-03-08 15:39:58', 'Salzstadel', 49.0211, 12.0967, 'ChIJneJekaXBn0cRDPuaPllOhAg', 'https://maps.gstatic.com/mapfiles/place_api/icons/shopping-71.png', NULL, 'Brückstraße 2, Regensburg', NULL, NULL, NULL, NULL, NULL, NULL, NULL, NULL, NULL, NULL),
(181, '2016-03-08 15:39:58', '2016-03-08 15:39:58', 'Diözesanzentrum Obermünster', 49.0159, 12.0954, 'ChIJn_Jyv6fBn0cRX-8t6qyrJtk', 'https://maps.gstatic.com/mapfiles/place_api/icons/worship_general-71.png', NULL, 'Obermünsterstraße 7, Regensburg', NULL, NULL, NULL, NULL, NULL, NULL, NULL, NULL, NULL, NULL),
(182, '2016-03-08 15:39:58', '2016-03-08 15:39:58', 'Ostdeutsche Galerie', 49.0198, 12.0825, 'ChIJCRIORqvBn0cR7xqqz64megk', 'https://maps.gstatic.com/mapfiles/place_api/icons/generic_business-71.png', NULL, 'Dr.-Johann-Maier-Straße 5, Regensburg', NULL, NULL, NULL, NULL, NULL, NULL, NULL, NULL, NULL, NULL),
(183, '2016-03-08 15:39:58', '2016-03-08 15:39:58', 'InterNetX GmbH', 49.0173, 12.1004, 'ChIJI7M1zqbBn0cRkSaMNnUwc3E', 'https://maps.gstatic.com/mapfiles/place_api/icons/generic_business-71.png', NULL, 'Maximilianstraße 6, Regensburg', NULL, NULL, NULL, NULL, NULL, NULL, NULL, NULL, NULL, NULL),
(184, '2016-03-08 15:39:58', '2016-03-08 15:39:58', 'Justizvollzugsanstalt Regensburg', 49.0139, 12.0866, 'ChIJdS7dNwfBn0cRat8U7tQx-W4', 'https://maps.gstatic.com/mapfiles/place_api/icons/civic_building-71.png', NULL, 'Augustenstraße 4, Regensburg', NULL, NULL, NULL, NULL, NULL, NULL, NULL, NULL, NULL, NULL),
(185, '2016-03-08 15:39:58', '2016-03-08 15:39:58', 'Kloster HL.Kreuz Dominikanerinnenkloster', 49.02, 12.085, 'ChIJh5y7d6vBn0cRaQxlG8r8aMA', 'https://maps.gstatic.com/mapfiles/place_api/icons/generic_business-71.png', NULL, 'Am Judenstein 10, Regensburg', NULL, NULL, NULL, NULL, NULL, NULL, NULL, NULL, NULL, NULL),
(186, '2016-03-08 15:39:58', '2016-03-08 15:39:58', 'Münchner Hof', 49.0192, 12.0961, 'ChIJyzIfD6bBn0cR7eWpV-eu8Do', 'https://maps.gstatic.com/mapfiles/place_api/icons/lodging-71.png', 3.7, 'Tändlergasse 9, Regensburg', NULL, NULL, NULL, NULL, NULL, NULL, NULL, NULL, NULL, NULL),
(187, '2016-03-08 15:39:58', '2016-03-08 15:39:58', 'Sternwarte Regensburg', 49.0173, 12.0904, 'ChIJD2WMqqnBn0cRvyptabBTfeU', 'https://maps.gstatic.com/mapfiles/place_api/icons/generic_business-71.png', NULL, 'Ägidienplatz 2, Regensburg', NULL, NULL, NULL, NULL, NULL, NULL, NULL, NULL, NULL, NULL),
(188, '2016-03-08 15:39:58', '2016-03-08 15:39:58', 'Musikgymnasium der Regensburger Domspatzen', 49.0153, 12.1152, 'ChIJXRDhKZzBn0cRg0vqFlxKdR4', 'https://maps.gstatic.com/mapfiles/place_api/icons/school-71.png', NULL, 'Reichsstraße 22, Regensburg', NULL, NULL, NULL, NULL, NULL, NULL, NULL, NULL, NULL, NULL),
(189, '2016-03-08 15:39:58', '2016-03-08 15:39:58', 'Regierung der Oberpfalz', 49.0163, 12.0922, 'ChIJYzzSbqjBn0cRmU1AjKxjSTw', 'https://maps.gstatic.com/mapfiles/place_api/icons/civic_building-71.png', NULL, 'Emmeramsplatz 8, Regensburg', NULL, NULL, NULL, NULL, NULL, NULL, NULL, NULL, NULL, NULL),
(190, '2016-03-08 15:39:58', '2016-03-08 15:39:58', 'Altstadt-Engel', 49.0186, 12.092, 'ChIJoXyg56jBn0cRzMWEEwWcGGc', 'https://maps.gstatic.com/mapfiles/place_api/icons/lodging-71.png', NULL, 'Gesandtenstraße 12, Regensburg', NULL, NULL, NULL, NULL, NULL, NULL, NULL, NULL, NULL, NULL),
(191, '2016-03-08 15:39:58', '2016-03-08 15:39:58', 'document niedermünster', 49.0194, 12.1005, 'ChIJSTdoO6TBn0cRQt4mHYj-fxk', 'https://maps.gstatic.com/mapfiles/place_api/icons/museum-71.png', NULL, 'Niedermünstergasse 3, Regensburg', NULL, NULL, NULL, NULL, NULL, NULL, NULL, NULL, NULL, NULL),
(192, '2016-03-08 15:39:58', '2016-03-08 15:39:58', 'Hotel Central Regensburg CityCentre', 49.0126, 12.0916, 'ChIJs7gm0gfBn0cRBALdYoSrdzg', 'https://maps.gstatic.com/mapfiles/place_api/icons/lodging-71.png', 3.9, 'Margaretenstraße 18, Regensburg', NULL, NULL, NULL, NULL, NULL, NULL, NULL, NULL, NULL, NULL),
(193, '2016-03-08 15:39:58', '2016-03-08 15:39:58', 'Hotel Weidenhof', 49.0159, 12.1005, 'ChIJa41RzaDBn0cRkXZXkoalRi4', 'https://maps.gstatic.com/mapfiles/place_api/icons/lodging-71.png', NULL, 'Maximilianstraße 23, Regensburg', NULL, NULL, NULL, NULL, NULL, NULL, NULL, NULL, NULL, NULL),
(194, '2016-03-08 15:39:58', '2016-03-08 15:39:58', 'Kindergarten St. Ulrich', 49.0179, 12.1057, 'ChIJr7rXj6HBn0cRCBkSm0TRrtM', 'https://maps.gstatic.com/mapfiles/place_api/icons/school-71.png', NULL, 'Prinzenweg 15, Regensburg', NULL, NULL, NULL, NULL, NULL, NULL, NULL, NULL, NULL, NULL),
(195, '2016-03-08 15:39:58', '2016-03-08 15:39:58', 'Sozialpädagogischen Zentrums St. Leonhard', 49.0216, 12.086, 'ChIJa9MCYqzBn0cRxb2GCicEtvE', 'https://maps.gstatic.com/mapfiles/place_api/icons/generic_business-71.png', NULL, 'St.-Leonhards-Gasse 3, Regensburg', NULL, NULL, NULL, NULL, NULL, NULL, NULL, NULL, NULL, NULL),
(196, '2016-03-08 15:39:58', '2016-03-08 15:39:58', 'Hochschule für katholische Kirchenmusik und Musikpädagogik', 49.025, 12.0986, 'ChIJjYYOurrBn0cRy1m9iLDQJvg', 'https://maps.gstatic.com/mapfiles/place_api/icons/school-71.png', NULL, 'Andreasstraße 9, Regensburg', NULL, NULL, NULL, NULL, NULL, NULL, NULL, NULL, NULL, NULL),
(197, '2016-03-08 15:39:58', '2016-03-08 15:39:58', 'Neupfarrkirche', 49.0184, 12.0963, 'ChIJjYJNSKbBn0cRIIJiNm6pdEU', 'https://maps.gstatic.com/mapfiles/place_api/icons/worship_general-71.png', NULL, 'Neupfarrplatz 1, Regensburg', NULL, NULL, NULL, NULL, NULL, NULL, NULL, NULL, NULL, NULL),
(198, '2016-03-08 15:39:58', '2016-03-08 15:39:58', 'Altstadthotel Am Pach', 49.0191, 12.095, 'ChIJ-_EdqKjBn0cRkKpMhBwklxw', 'https://maps.gstatic.com/mapfiles/place_api/icons/lodging-71.png', 4.1, 'Untere Bachgasse 9, Regensburg', NULL, NULL, NULL, NULL, NULL, NULL, NULL, NULL, NULL, NULL),
(199, '2016-03-08 15:39:58', '2016-03-08 15:39:58', 'Realschule am Judenstein', 49.0209, 12.0858, 'ChIJv9Pke6zBn0cRp_M0UxjBWJM', 'https://maps.gstatic.com/mapfiles/place_api/icons/school-71.png', 3.2, 'Am Judenstein 1, Regensburg', NULL, NULL, NULL, NULL, NULL, NULL, NULL, NULL, NULL, NULL),
(200, '2016-03-08 15:39:58', '2016-03-08 15:39:58', 'Stadthotel Regensburg', 49.0084, 12.0861, 'ChIJb5OxWgTBn0cROr8YDmRXgro', 'https://maps.gstatic.com/mapfiles/place_api/icons/lodging-71.png', 4, 'Gutenbergstraße 17, Regensburg', NULL, NULL, NULL, NULL, NULL, NULL, NULL, NULL, NULL, NULL),
(201, '2016-03-08 15:39:58', '2016-03-08 15:39:58', 'Hotel Hotel Goliath Am Dom Regensburg', 49.0203, 12.0969, 'ChIJp-QV6aXBn0cRwR8PVc2NPBg', 'https://maps.gstatic.com/mapfiles/place_api/icons/lodging-71.png', 4.3, 'Goliathstraße 10, Regensburg', NULL, NULL, NULL, NULL, NULL, NULL, NULL, NULL, NULL, NULL),
(202, '2016-03-08 15:39:58', '2016-03-08 15:39:58', 'Landshuter Hof', 49.014, 12.1074, 'ChIJt9gi7p_Bn0cRcV9WTLmW4AE', 'https://maps.gstatic.com/mapfiles/place_api/icons/lodging-71.png', NULL, 'Landshuter Straße 24, Regensburg', NULL, NULL, NULL, NULL, NULL, NULL, NULL, NULL, NULL, NULL),
(203, '2016-03-08 15:39:58', '2016-03-08 15:39:58', 'Brückturm-Museum', 49.0212, 12.0968, 'ChIJxTDnkaXBn0cR1aE8NIA24Pk', 'https://maps.gstatic.com/mapfiles/place_api/icons/museum-71.png', NULL, 'Weiße-Lamm-Gasse 1, Regensburg', NULL, NULL, NULL, NULL, NULL, NULL, NULL, NULL, NULL, NULL),
(204, '2016-03-08 15:39:58', '2016-03-08 15:39:58', 'Herzogs Park', 49.0232, 12.0817, 'ChIJgREZMlPAn0cRmLl7_1K-y1I', 'https://maps.gstatic.com/mapfiles/place_api/icons/generic_business-71.png', NULL, 'Germany', NULL, NULL, NULL, NULL, NULL, NULL, NULL, NULL, NULL, NULL),
(205, '2016-03-08 15:39:58', '2016-03-08 15:39:58', 'Kirche Sankt Kassians', 49.0172, 12.0977, 'ChIJu78fV6bBn0cRZgGBXtE6CWA', 'https://maps.gstatic.com/mapfiles/place_api/icons/generic_business-71.png', NULL, 'St.-Kassians-Platz 1, Regensburg', NULL, NULL, NULL, NULL, NULL, NULL, NULL, NULL, NULL, NULL),
(206, '2016-03-08 15:39:58', '2016-03-08 15:39:58', 'ACHAT Plaza Herzog am Dom Regensburg', 49.019, 12.0986, 'ChIJDdLRhqbBn0cR_3nS_A_6o6c', 'https://maps.gstatic.com/mapfiles/place_api/icons/lodging-71.png', 4.2, 'Domplatz 3, Regensburg', NULL, NULL, NULL, NULL, NULL, NULL, NULL, NULL, NULL, NULL),
(207, '2016-03-08 15:39:58', '2016-03-08 15:39:58', 'Ganesha', 49.0159, 12.1005, 'ChIJa41RzaDBn0cRUtVwsO0ZwOM', 'https://maps.gstatic.com/mapfiles/place_api/icons/restaurant-71.png', 3.7, 'Maximilianstraße 23, Regensburg', NULL, NULL, NULL, NULL, NULL, NULL, NULL, NULL, NULL, NULL),
(208, '2016-03-08 15:39:58', '2016-03-08 15:39:58', 'Restaurant Orphée', 49.0194, 12.0949, 'ChIJgf4BqajBn0cRlOBAGMHxBv0', 'https://maps.gstatic.com/mapfiles/place_api/icons/restaurant-71.png', 4.3, 'Untere Bachgasse 6, Regensburg', NULL, NULL, NULL, NULL, NULL, NULL, NULL, NULL, NULL, NULL),
(209, '2016-03-08 15:39:58', '2016-03-08 15:39:58', 'Elements Hotel', 49.0193, 12.1001, 'ChIJCXQqIKTBn0cRmcg53U0ygIM', 'https://maps.gstatic.com/mapfiles/place_api/icons/lodging-71.png', NULL, 'Alter Kornmarkt 3, Regensburg', NULL, NULL, NULL, NULL, NULL, NULL, NULL, NULL, NULL, NULL),
(210, '2016-03-08 15:39:58', '2016-03-08 15:39:58', 'Kepler-Gedächtnishaus', 49.0212, 12.0935, 'ChIJA9jWF6_Bn0cRQrKw6jzA_ZU', 'https://maps.gstatic.com/mapfiles/place_api/icons/generic_recreational-71.png', NULL, 'Keplerstraße 5, Regensburg', NULL, NULL, NULL, NULL, NULL, NULL, NULL, NULL, NULL, NULL),
(211, '2016-03-08 15:39:58', '2016-03-08 15:39:58', 'Hotel Am Peterstor', 49.0157, 12.0978, 'ChIJR-XyEqfBn0cRhT0H6XL7IgY', 'https://maps.gstatic.com/mapfiles/place_api/icons/lodging-71.png', 3.5, 'Fröhliche-Türken-Straße 12, Regensburg', NULL, NULL, NULL, NULL, NULL, NULL, NULL, NULL, NULL, NULL),
(212, '2016-03-08 15:39:58', '2016-03-08 15:39:58', 'Stadtpark', 49.0193, 12.0812, 'ChIJNeitM6vBn0cROigKZ6Z9dMI', 'https://maps.gstatic.com/mapfiles/place_api/icons/generic_recreational-71.png', NULL, 'Prüfeninger Straße, Regensburg', NULL, NULL, NULL, NULL, NULL, NULL, NULL, NULL, NULL, NULL),
(213, '2016-03-08 15:39:58', '2016-03-08 15:39:58', 'L''Ostello', 49.016, 12.0991, 'ChIJ11bMPKfBn0cRye_SdrAsEtE', 'https://maps.gstatic.com/mapfiles/place_api/icons/lodging-71.png', NULL, 'Schäffnerstraße 20, Regensburg', NULL, NULL, NULL, NULL, NULL, NULL, NULL, NULL, NULL, NULL),
(214, '2016-03-08 15:39:58', '2016-03-08 15:39:58', 'Pizzeria Adria', 49.0037, 12.12, 'ChIJr53AD3vBn0cRGjv_jRBo2io', 'https://maps.gstatic.com/mapfiles/place_api/icons/restaurant-71.png', 3.6, 'St.-Mihiel-Straße 7, Regensburg', NULL, NULL, NULL, NULL, NULL, NULL, NULL, NULL, NULL, NULL),
(215, '2016-03-08 15:39:58', '2016-03-08 15:39:58', 'Hotel-Restaurant Wiendl', 49.0085, 12.0929, 'ChIJIeKfPQ_Bn0cROm2l7lOwlpI', 'https://maps.gstatic.com/mapfiles/place_api/icons/lodging-71.png', NULL, 'Universitätsstraße 9, Regensburg', NULL, NULL, NULL, NULL, NULL, NULL, NULL, NULL, NULL, NULL),
(216, '2016-03-08 15:39:58', '2016-03-08 15:39:58', 'Regensburger Ratskeller', 49.0203, 12.095, 'ChIJs1fyT6_Bn0cRWHMVuSf7WMM', 'https://maps.gstatic.com/mapfiles/place_api/icons/restaurant-71.png', 3.7, 'Rathausplatz 1, Regensburg', NULL, NULL, NULL, NULL, NULL, NULL, NULL, NULL, NULL, NULL),
(217, '2016-03-08 15:39:58', '2016-03-08 15:39:58', 'Kolpinghaus Regensburg, Kongress- & Kulturzentrum, Restaurant', 49.0197, 12.1019, 'ChIJHbAkCKTBn0cR5ytSODh8cnU', 'https://maps.gstatic.com/mapfiles/place_api/icons/restaurant-71.png', 4.1, 'Adolph-Kolping-Straße 1, Regensburg', NULL, NULL, NULL, NULL, NULL, NULL, NULL, NULL, NULL, NULL),
(218, '2016-03-08 15:39:58', '2016-03-08 15:39:58', 'Regensburger Weissbräuhaus', 49.0178, 12.0988, 'ChIJzZGv7abBn0cRQ5pgK8OM6qU', 'https://maps.gstatic.com/mapfiles/place_api/icons/restaurant-71.png', 4.4, 'Schwarze-Bären-Straße 6, Regensburg', NULL, NULL, NULL, NULL, NULL, NULL, NULL, NULL, NULL, NULL),
(219, '2016-03-08 15:39:58', '2016-03-08 15:39:58', 'Pachamama', 49.0071, 12.0943, 'ChIJSag59A7Bn0cRT2Ro96Qn_3s', 'https://maps.gstatic.com/mapfiles/place_api/icons/restaurant-71.png', 4.8, 'Bischof-Konrad-Straße 4, Regensburg', NULL, NULL, NULL, NULL, NULL, NULL, NULL, NULL, NULL, NULL),
(220, '2016-03-08 15:39:58', '2016-03-08 15:39:58', 'Hotel Orphee - Kleines Haus', 49.0199, 12.0956, 'ChIJgf4BqajBn0cR-x16Ynf6G2Q', 'https://maps.gstatic.com/mapfiles/place_api/icons/lodging-71.png', NULL, 'Wahlenstraße 1, Regensburg', NULL, NULL, NULL, NULL, NULL, NULL, NULL, NULL, NULL, NULL),
(221, '2016-03-08 15:39:58', '2016-03-08 15:39:58', 'L''Osteria Regensburg', 49.0203, 12.0961, 'ChIJEVGU-qXBn0cRglpNwVYyLkk', 'https://maps.gstatic.com/mapfiles/place_api/icons/restaurant-71.png', 4, 'Watmarkt 1, Regensburg', NULL, NULL, NULL, NULL, NULL, NULL, NULL, NULL, NULL, NULL),
(222, '2016-03-08 15:39:58', '2016-03-08 15:39:58', 'MAREDO Steakhouse Regensburg', 49.0167, 12.1009, 'ChIJV62zLKHBn0cRy6tDelAfN3U', 'https://maps.gstatic.com/mapfiles/place_api/icons/restaurant-71.png', 3.5, 'Maximilianstraße 9A, Regensburg', NULL, NULL, NULL, NULL, NULL, NULL, NULL, NULL, NULL, NULL),
(223, '2016-03-08 15:39:58', '2016-03-08 15:39:58', 'Alte Linde', 49.0229, 12.0956, 'ChIJyZNtka_Bn0cRSwEfQbMUH0Y', 'https://maps.gstatic.com/mapfiles/place_api/icons/restaurant-71.png', 3.4, 'Müllerstraße 1, Regensburg', NULL, NULL, NULL, NULL, NULL, NULL, NULL, NULL, NULL, NULL),
(224, '2016-03-08 15:39:58', '2016-03-08 15:39:58', 'Osteria Federico Secondo', 49.0177, 12.0935, 'ChIJW1hlj6jBn0cRV-RJJxJRyho', 'https://maps.gstatic.com/mapfiles/place_api/icons/restaurant-71.png', 4.7, 'Deischgasse 1, Regensburg', NULL, NULL, NULL, NULL, NULL, NULL, NULL, NULL, NULL, NULL),
(225, '2016-03-08 15:39:58', '2016-03-08 15:39:58', 'Sushihaus', 49.0204, 12.0891, 'ChIJLefZqq7Bn0cRPLB6Cyu1-0U', 'https://maps.gstatic.com/mapfiles/place_api/icons/restaurant-71.png', 4.5, 'Wollwirkergasse 2, Regensburg', NULL, NULL, NULL, NULL, NULL, NULL, NULL, NULL, NULL, NULL),
(226, '2016-03-08 15:39:58', '2016-03-08 15:39:58', 'Hotel Roter Hahn', 49.0189, 12.0934, 'ChIJRZmevqjBn0cRx8JCDl4UR2I', 'https://maps.gstatic.com/mapfiles/place_api/icons/lodging-71.png', 4, 'Rote-Hahnen-Gasse 10, Regensburg', NULL, NULL, NULL, NULL, NULL, NULL, NULL, NULL, NULL, NULL),
(227, '2016-03-08 15:39:58', '2016-03-08 15:39:58', 'Spaghetteria Aquino', 49.02, 12.0916, 'ChIJj0b-KqnBn0cRbxWYC4o9GTI', 'https://maps.gstatic.com/mapfiles/place_api/icons/restaurant-71.png', 3.2, 'Am Römling 12, Regensburg', NULL, NULL, NULL, NULL, NULL, NULL, NULL, NULL, NULL, NULL),
(228, '2016-03-08 15:39:58', '2016-03-08 15:39:58', 'La Dolce Vita', 49.0228, 12.0936, 'ChIJ2TuXrq_Bn0cRK3tQSEWj-9A', 'https://maps.gstatic.com/mapfiles/place_api/icons/restaurant-71.png', 4.2, 'Badstraße 6, Regensburg', NULL, NULL, NULL, NULL, NULL, NULL, NULL, NULL, NULL, NULL),
(229, '2016-03-08 15:39:58', '2016-03-08 15:39:58', 'Hofbräuhaus', 49.02, 12.0944, 'ChIJ_0IBTa_Bn0cRxHyHBi3fqfs', 'https://maps.gstatic.com/mapfiles/place_api/icons/restaurant-71.png', 4, 'Waaggäßchen 1, Regensburg', NULL, NULL, NULL, NULL, NULL, NULL, NULL, NULL, NULL, NULL),
(230, '2016-03-08 15:39:58', '2016-03-08 15:39:58', 'Mirabelle Restaurant', 49.0192, 12.0903, 'ChIJP03QJKnBn0cRKX7GwwnQOa4', 'https://maps.gstatic.com/mapfiles/place_api/icons/restaurant-71.png', 4.7, 'Drei-Mohren-Straße 11, Regensburg', NULL, NULL, NULL, NULL, NULL, NULL, NULL, NULL, NULL, NULL),
(231, '2016-03-08 15:39:58', '2016-03-08 15:39:58', 'Taj Mahal', 49.0191, 12.1048, 'ChIJ3YQD1KPBn0cRRsfKMcOjzL4', 'https://maps.gstatic.com/mapfiles/place_api/icons/restaurant-71.png', 4.2, 'Ostengasse 17, Regensburg', NULL, NULL, NULL, NULL, NULL, NULL, NULL, NULL, NULL, NULL),
(232, '2016-03-08 15:39:58', '2016-03-08 15:39:58', 'Pizzeria Pam Pam', 49.0198, 12.0921, 'ChIJVR-t1ajBn0cRy33TpiWm9IE', 'https://maps.gstatic.com/mapfiles/place_api/icons/restaurant-71.png', 3.7, 'Haidplatz 5, Regensburg', NULL, NULL, NULL, NULL, NULL, NULL, NULL, NULL, NULL, NULL),
(233, '2016-03-08 15:39:58', '2016-03-08 15:39:58', 'Der Grieche im Herzogshof', 49.0193, 12.0999, 'ChIJDWpeIKTBn0cR5tMQRVPMZaE', 'https://maps.gstatic.com/mapfiles/place_api/icons/restaurant-71.png', 4.6, 'Alter Kornmarkt 1, Regensburg', NULL, NULL, NULL, NULL, NULL, NULL, NULL, NULL, NULL, NULL),
(234, '2016-03-08 15:39:58', '2016-03-08 15:39:58', 'Restaurant Lessing', 49.0151, 12.1013, 'ChIJCWyruKDBn0cRfKvTraQa0lI', 'https://maps.gstatic.com/mapfiles/place_api/icons/restaurant-71.png', NULL, 'D.-Martin-Luther-Straße 14, Regensburg', NULL, NULL, NULL, NULL, NULL, NULL, NULL, NULL, NULL, NULL),
(235, '2016-03-08 15:39:58', '2016-03-08 15:39:58', 'Al Camino', 49.02, 12.0928, 'ChIJtYXt0qjBn0cR2rrQTT69UPs', 'https://maps.gstatic.com/mapfiles/place_api/icons/restaurant-71.png', 3.7, 'Haidplatz 7a, Regensburg', NULL, NULL, NULL, NULL, NULL, NULL, NULL, NULL, NULL, NULL),
(236, '2016-03-08 15:39:58', '2016-03-08 15:39:58', 'Dicker Mann', 49.0193, 12.0922, 'ChIJH4xA2qjBn0cRuBmIn_dTUNs', 'https://maps.gstatic.com/mapfiles/place_api/icons/restaurant-71.png', 4, 'Krebsgasse 6, Regensburg', NULL, NULL, NULL, NULL, NULL, NULL, NULL, NULL, NULL, NULL),
(237, '2016-03-08 15:39:58', '2016-03-08 15:39:58', 'Restaurant Silberne Gans GmbH', 49.0212, 12.1029, 'ChIJgbzJgaPBn0cRCUvK6g6NYgc', 'https://maps.gstatic.com/mapfiles/place_api/icons/restaurant-71.png', 4.2, 'Werftstraße 3, Regensburg', NULL, NULL, NULL, NULL, NULL, NULL, NULL, NULL, NULL, NULL),
(238, '2016-03-08 15:39:58', '2016-03-08 15:39:58', 'Thairestaurant Rambutan Gaststätte', 49.0178, 12.1008, 'ChIJlyr6tabBn0cRIpTa-AzJd3A', 'https://maps.gstatic.com/mapfiles/place_api/icons/restaurant-71.png', 4.1, 'Drei-Kronen-Gasse 4, Regensburg', NULL, NULL, NULL, NULL, NULL, NULL, NULL, NULL, NULL, NULL),
(239, '2016-03-08 15:39:58', '2016-03-08 15:39:58', 'Trattoria Marina', 49.024, 12.0975, 'ChIJWYgbVKXBn0cR9CalXp-30Fc', 'https://maps.gstatic.com/mapfiles/place_api/icons/restaurant-71.png', 4.2, 'Am Brückenbasar 12, Regensburg', NULL, NULL, NULL, NULL, NULL, NULL, NULL, NULL, NULL, NULL),
(240, '2016-03-08 15:39:58', '2016-03-08 15:39:58', 'El Sombrero', 49.0207, 12.0952, 'ChIJ1biIXq_Bn0cRdHA_iCcfSqI', 'https://maps.gstatic.com/mapfiles/place_api/icons/restaurant-71.png', 3.9, 'Fischgässel 4, Regensburg', NULL, NULL, NULL, NULL, NULL, NULL, NULL, NULL, NULL, NULL),
(241, '2016-03-08 15:39:58', '2016-03-08 15:39:58', 'Gasthof Spitalgarten', 49.024, 12.0961, 'ChIJiYQ046_Bn0cR7S3BAWB1pSc', 'https://maps.gstatic.com/mapfiles/place_api/icons/restaurant-71.png', 3.6, 'St.-Katharinen-Platz 1, Regensburg', NULL, NULL, NULL, NULL, NULL, NULL, NULL, NULL, NULL, NULL),
(242, '2016-03-08 15:39:58', '2016-03-08 15:39:58', 'Gaststätte Quetschn', 49.0192, 12.1021, 'ChIJid70_qPBn0cRmIvqGchuCew', 'https://maps.gstatic.com/mapfiles/place_api/icons/restaurant-71.png', 4.4, 'Kalmünzergasse 4, Regensburg', NULL, NULL, NULL, NULL, NULL, NULL, NULL, NULL, NULL, NULL),
(243, '2016-03-08 15:39:58', '2016-03-08 15:39:58', 'kAffé dAdA', 49.0203, 12.0894, 'ChIJewHXUqnBn0cRFXnD3tnozrg', 'https://maps.gstatic.com/mapfiles/place_api/icons/restaurant-71.png', 4.3, 'Rote-Löwen-Straße 11, Regensburg', NULL, NULL, NULL, NULL, NULL, NULL, NULL, NULL, NULL, NULL),
(244, '2016-03-08 15:39:58', '2016-03-08 15:39:58', 'Enjoy Pizza', 49.0069, 12.0964, 'ChIJl6H6SgzBn0cRn28gOTcSDV0', 'https://maps.gstatic.com/mapfiles/place_api/icons/generic_business-71.png', NULL, 'Bischof-Konrad-Straße 9, Regensburg', NULL, NULL, NULL, NULL, NULL, NULL, NULL, NULL, NULL, NULL),
(245, '2016-03-08 15:39:58', '2016-03-08 15:39:58', 'Casa Rios', 49.0207, 12.0891, 'ChIJTc70qK7Bn0cRgg9b_3ULTbI', 'https://maps.gstatic.com/mapfiles/place_api/icons/restaurant-71.png', 4.5, 'Rote-Löwen-Straße 10, Regensburg', NULL, NULL, NULL, NULL, NULL, NULL, NULL, NULL, NULL, NULL),
(246, '2016-03-08 15:39:58', '2016-03-08 15:39:58', 'Meier', 49.0257, 12.0968, 'ChIJEVJSErDBn0cRgKor2y2UE00', 'https://maps.gstatic.com/mapfiles/place_api/icons/restaurant-71.png', 4.6, 'Stadtamhof 15, Regensburg', NULL, NULL, NULL, NULL, NULL, NULL, NULL, NULL, NULL, NULL),
(247, '2016-03-08 15:39:58', '2016-03-08 15:39:58', 'Da Tino', 49.0196, 12.0929, 'ChIJk1QFzqjBn0cRo9uwTNq7VyA', 'https://maps.gstatic.com/mapfiles/place_api/icons/restaurant-71.png', 2.8, 'Haidplatz 4, Regensburg', NULL, NULL, NULL, NULL, NULL, NULL, NULL, NULL, NULL, NULL),
(248, '2016-03-08 15:39:58', '2016-03-08 15:39:58', 'Gaststätte Gravenreuther', 49.019, 12.0938, 'ChIJFXmZuajBn0cRvHX67of8euQ', 'https://maps.gstatic.com/mapfiles/place_api/icons/restaurant-71.png', 4, 'Hinter der Grieb 10, Regensburg', NULL, NULL, NULL, NULL, NULL, NULL, NULL, NULL, NULL, NULL),
(249, '2016-03-08 15:39:58', '2016-03-08 15:39:58', 'Kaufland', 49.0109, 12.1011, 'ChIJefTkvwvBn0cRxHK4r8JEFHM', 'https://maps.gstatic.com/mapfiles/place_api/icons/shopping-71.png', 4.1, 'Friedenstraße 23, Regensburg', NULL, NULL, NULL, NULL, NULL, NULL, NULL, NULL, NULL, NULL),
(250, '2016-03-08 15:39:58', '2016-03-08 15:39:58', 'Joey''s Pizza Service Regensburg', 49.0098, 12.0974, 'ChIJZcxdVwnBn0cRbScN5RKfv10', 'https://maps.gstatic.com/mapfiles/place_api/icons/restaurant-71.png', 3.3, 'Friedenstraße 14, Regensburg', NULL, NULL, NULL, NULL, NULL, NULL, NULL, NULL, NULL, NULL),
(251, '2016-03-08 15:39:58', '2016-03-08 15:39:58', 'Indian Palace', 49.0214, 12.0912, 'ChIJs_Ch6a7Bn0cR8gokwOmLK-k', 'https://maps.gstatic.com/mapfiles/place_api/icons/restaurant-71.png', 3.8, 'Engelburgergasse 1, Regensburg', NULL, NULL, NULL, NULL, NULL, NULL, NULL, NULL, NULL, NULL),
(252, '2016-03-08 15:39:58', '2016-03-08 15:39:58', 'Kreutzers Restaurant', 49.0166, 12.1211, 'ChIJmVWxUoPBn0cRZQMu1lFlmc0', 'https://maps.gstatic.com/mapfiles/place_api/icons/restaurant-71.png', NULL, 'Prinz-Ludwig-Straße 15a, Regensburg', NULL, NULL, NULL, NULL, NULL, NULL, NULL, NULL, NULL, NULL),
(253, '2016-03-08 15:39:58', '2016-03-08 15:39:58', 'Maradonna Pizza-Service', 49.0186, 12.0921, 'ChIJTb0x6KjBn0cRrtpByQVeouU', 'https://maps.gstatic.com/mapfiles/place_api/icons/generic_business-71.png', NULL, 'Gesandtenstraße 10, Regensburg', NULL, NULL, NULL, NULL, NULL, NULL, NULL, NULL, NULL, NULL),
(254, '2016-03-08 15:39:58', '2016-03-08 15:39:58', 'Dampfnudel-Uli', 49.02, 12.0961, 'ChIJPzc3-6XBn0cRloyj5uB-Wc4', 'https://maps.gstatic.com/mapfiles/place_api/icons/restaurant-71.png', 4.8, 'Watmarkt 4, Regensburg', NULL, NULL, NULL, NULL, NULL, NULL, NULL, NULL, NULL, NULL),
(255, '2016-03-08 15:39:58', '2016-03-08 15:39:58', 'Restaurant Egyptos', 49.0148, 12.1059, 'ChIJSRLTI6DBn0cRG_3FzsLGJLY', 'https://maps.gstatic.com/mapfiles/place_api/icons/restaurant-71.png', NULL, 'Landshuter Straße 18, Regensburg', NULL, NULL, NULL, NULL, NULL, NULL, NULL, NULL, NULL, NULL),
(256, '2016-03-08 15:39:58', '2016-03-08 15:39:58', 'Shell Landshuter Straße.', 49.0103, 12.1115, 'ChIJncBRKnTBn0cRY2orxsfm9V4', 'https://maps.gstatic.com/mapfiles/place_api/icons/gas_station-71.png', NULL, 'Landshuter Straße 42, Regensburg', NULL, NULL, NULL, NULL, NULL, NULL, NULL, NULL, NULL, NULL),
(257, '2016-03-08 15:39:58', '2016-03-08 15:39:58', 'JET Nordgaustraße', 49.0257, 12.1134, 'ChIJqUY5TJbBn0cR8WWzJvG6MfM', 'https://maps.gstatic.com/mapfiles/place_api/icons/gas_station-71.png', NULL, 'Nordgaustraße 1, Regensburg', NULL, NULL, NULL, NULL, NULL, NULL, NULL, NULL, NULL, NULL),
(258, '2016-03-08 15:39:58', '2016-03-08 15:39:58', 'JET Tankstelle', 49.0058, 12.1181, 'ChIJhckVFXrBn0cRpO8YUbb9Ngc', 'https://maps.gstatic.com/mapfiles/place_api/icons/gas_station-71.png', NULL, 'Landshuter Straße 74C, Regensburg', NULL, NULL, NULL, NULL, NULL, NULL, NULL, NULL, NULL, NULL),
(259, '2016-03-08 15:39:58', '2016-03-08 15:39:58', 'Aral Tankstelle Christian Zirzlmeier', 49.0033, 12.0814, 'ChIJU5eqfxvBn0cRec3npup3K2k', 'https://maps.gstatic.com/mapfiles/place_api/icons/gas_station-71.png', NULL, 'Augsburger Straße 32, Regensburg', NULL, NULL, NULL, NULL, NULL, NULL, NULL, NULL, NULL, NULL),
(260, '2016-03-08 15:39:58', '2016-03-08 15:39:58', 'Agip', 48.9999, 12.1112, 'ChIJlUeABm_Bn0cRRTFNT30etfA', 'https://maps.gstatic.com/mapfiles/place_api/icons/gas_station-71.png', NULL, 'Unterislinger Weg 13, Regensburg', NULL, NULL, NULL, NULL, NULL, NULL, NULL, NULL, NULL, NULL),
(261, '2016-03-08 15:39:58', '2016-03-08 15:39:58', 'HEM', 49.0097, 12.0943, 'ChIJa9HE0QjBn0cRPaPVOI9owJM', 'https://maps.gstatic.com/mapfiles/place_api/icons/gas_station-71.png', NULL, 'Friedenstraße 12A, Regensburg', NULL, NULL, NULL, NULL, NULL, NULL, NULL, NULL, NULL, NULL),
(262, '2016-03-08 15:39:58', '2016-03-08 15:39:58', 'JET Tankstelle Roswitha Teichert', 49.0256, 12.1133, 'ChIJM_ZpSpbBn0cRL1VYzuVdx3A', 'https://maps.gstatic.com/mapfiles/place_api/icons/gas_station-71.png', NULL, 'Nordgaustraße 1, Regensburg', NULL, NULL, NULL, NULL, NULL, NULL, NULL, NULL, NULL, NULL),
(263, '2016-03-08 15:39:58', '2016-03-08 15:39:58', 'Shell', 49.0099, 12.1113, 'ChIJK4aWKXTBn0cRkj69WnYi3z8', 'https://maps.gstatic.com/mapfiles/place_api/icons/gas_station-71.png', NULL, 'Hermann-Geib-Straße 5, Regensburg', NULL, NULL, NULL, NULL, NULL, NULL, NULL, NULL, NULL, NULL),
(264, '2016-03-08 15:39:58', '2016-03-08 15:39:58', 'Aral', 49.0034, 12.0815, 'ChIJdTyTfxvBn0cRCnHB68jXncQ', 'https://maps.gstatic.com/mapfiles/place_api/icons/gas_station-71.png', NULL, 'Augsburger Straße 32, Regensburg Oberpfalz', NULL, NULL, NULL, NULL, NULL, NULL, NULL, NULL, NULL, NULL),
(265, '2016-03-08 15:39:58', '2016-03-08 15:39:58', 'mymuesli Laden Regensburg', 49.0167, 12.098, 'ChIJj0NGA6fBn0cRVi1idIeq9mU', 'https://maps.gstatic.com/mapfiles/place_api/icons/shopping-71.png', NULL, 'Fröhliche-Türken-Straße 2, Regensburg', NULL, NULL, NULL, NULL, NULL, NULL, NULL, NULL, NULL, NULL),
(266, '2016-03-08 15:39:58', '2016-03-08 15:39:58', 'E-Center', 49.0049, 12.1151, 'ChIJjSVEwHDBn0cRjOts-fpm3n4', 'https://maps.gstatic.com/mapfiles/place_api/icons/shopping-71.png', 4.1, 'Hornstraße 6, Regensburg', NULL, NULL, NULL, NULL, NULL, NULL, NULL, NULL, NULL, NULL),
(267, '2016-03-08 15:39:58', '2016-03-08 15:39:58', 'Edeka Jende GmbH & Co.KG', 49.0183, 12.0973, 'ChIJrwLRe6bBn0cRHehd7wvvSyU', 'https://maps.gstatic.com/mapfiles/place_api/icons/shopping-71.png', NULL, 'Neupfarrplatz 8, Regensburg', NULL, NULL, NULL, NULL, NULL, NULL, NULL, NULL, NULL, NULL),
(268, '2016-03-08 15:39:58', '2016-03-08 15:39:58', 'China-Laden', 49.0166, 12.0964, 'ChIJRa_nsafBn0cRIlcSqlLXsyQ', 'https://maps.gstatic.com/mapfiles/place_api/icons/shopping-71.png', NULL, 'Obermünsterstraße 9A, Regensburg', NULL, NULL, NULL, NULL, NULL, NULL, NULL, NULL, NULL, NULL),
(269, '2016-03-08 15:39:58', '2016-03-08 15:39:58', 'Netto Marken-Discount - Filiale', 49.0199, 12.0885, 'ChIJzy5kVqnBn0cRLmHL5h3lXHY', 'https://maps.gstatic.com/mapfiles/place_api/icons/shopping-71.png', NULL, 'Arnulfsplatz 4A, Regensburg', NULL, NULL, NULL, NULL, NULL, NULL, NULL, NULL, NULL, NULL),
(270, '2016-03-08 15:39:58', '2016-03-08 15:39:58', 'Alnatura Super Natur Markt', 49.0171, 12.1015, 'ChIJ2WwDM6HBn0cREbO9NqfMFm0', 'https://maps.gstatic.com/mapfiles/place_api/icons/shopping-71.png', NULL, '-martin-luther-straße, D.-Martin-Luther-Straß', NULL, NULL, NULL, NULL, NULL, NULL, NULL, NULL, NULL, NULL),
(271, '2016-03-08 15:39:58', '2016-03-08 15:39:58', 'Reformhaus DAVID', 49.0164, 12.0983, 'ChIJoZsWG6fBn0cRabGDCWYbouY', 'https://maps.gstatic.com/mapfiles/place_api/icons/shopping-71.png', NULL, 'Fröhliche-Türken-Straße 3, Regensburg', NULL, NULL, NULL, NULL, NULL, NULL, NULL, NULL, NULL, NULL),
(272, '2016-03-08 15:39:58', '2016-03-08 15:39:58', 'Reformhaus Am Stadttheater', 49.019, 12.0886, 'ChIJUSL7XanBn0cRmoaSH4gaGxw', 'https://maps.gstatic.com/mapfiles/place_api/icons/shopping-71.png', NULL, 'Jakobstraße 2A, Regensburg', NULL, NULL, NULL, NULL, NULL, NULL, NULL, NULL, NULL, NULL),
(273, '2016-03-08 15:39:58', '2016-03-08 15:39:58', 'dm-drogerie markt', 49.0105, 12.098, 'ChIJefTkvwvBn0cRV39cbRr42eE', 'https://maps.gstatic.com/mapfiles/place_api/icons/shopping-71.png', NULL, 'Friedenstraße 23, Regensburg', NULL, NULL, NULL, NULL, NULL, NULL, NULL, NULL, NULL, NULL),
(274, '2016-03-08 15:39:58', '2016-03-08 15:39:58', 'Asia Lebensmittel Laden', 49.0166, 12.0964, 'ChIJRa_nsafBn0cR_PCrODQIk7k', 'https://maps.gstatic.com/mapfiles/place_api/icons/shopping-71.png', NULL, 'Obermünsterstraße 9A, Regensburg', NULL, NULL, NULL, NULL, NULL, NULL, NULL, NULL, NULL, NULL),
(275, '2016-03-08 15:39:58', '2016-03-08 15:39:58', 'KHAN ASIAN STORE (Ria Money Transfer)', 49.0142, 12.1018, 'ChIJIR7Qm6DBn0cRl1PZflTSQXY', 'https://maps.gstatic.com/mapfiles/place_api/icons/generic_business-71.png', NULL, 'Luitpoldstraße 2, Regensburg', NULL, NULL, NULL, NULL, NULL, NULL, NULL, NULL, NULL, NULL),
(276, '2016-03-08 15:39:58', '2016-03-08 15:39:58', 'dm-drogerie markt', 49.0255, 12.1152, 'ChIJJ5agzZbBn0cRMcmu2aks-Vs', 'https://maps.gstatic.com/mapfiles/place_api/icons/shopping-71.png', NULL, 'Weichser Weg 5, Regensburg', NULL, NULL, NULL, NULL, NULL, NULL, NULL, NULL, NULL, NULL),
(277, '2016-03-08 15:39:58', '2016-03-08 15:39:58', 'NKD Deutschland', 49.0063, 12.0867, 'ChIJh08NIgXBn0cR_cyU3g3TATw', 'https://maps.gstatic.com/mapfiles/place_api/icons/shopping-71.png', NULL, 'Kumpfmühler Straße 63, Regensburg', NULL, NULL, NULL, NULL, NULL, NULL, NULL, NULL, NULL, NULL),
(278, '2016-03-08 15:39:58', '2016-03-08 15:39:58', 'NORMA Filiale', 49.0076, 12.0865, 'ChIJ39vYAQXBn0cRN5JuTkUa55Y', 'https://maps.gstatic.com/mapfiles/place_api/icons/shopping-71.png', NULL, 'Kumpfmühler Straße 48, Regensburg', NULL, NULL, NULL, NULL, NULL, NULL, NULL, NULL, NULL, NULL),
(279, '2016-03-08 15:39:58', '2016-03-08 15:39:58', 'Netto Marken-Discount - Filiale', 49.0023, 12.1186, 'ChIJBRNxKnvBn0cRM4MEUWSmRsk', 'https://maps.gstatic.com/mapfiles/place_api/icons/shopping-71.png', NULL, 'Erbprinz-Franz-Joseph-Straße 21, Regensburg', NULL, NULL, NULL, NULL, NULL, NULL, NULL, NULL, NULL, NULL),
(280, '2016-03-08 15:39:58', '2016-03-08 15:39:58', 'Reformhaus Vilsmeier e.K.', 49.0259, 12.1158, 'ChIJJ5agzZbBn0cR_nwqyLVvvYQ', 'https://maps.gstatic.com/mapfiles/place_api/icons/shopping-71.png', NULL, 'Weichser Weg 5, Regensburg', NULL, NULL, NULL, NULL, NULL, NULL, NULL, NULL, NULL, NULL),
(281, '2016-03-08 15:39:58', '2016-03-08 15:39:58', 'NORMA Filiale', 49.0062, 12.1148, 'ChIJYRiS6XDBn0cRsiy7PD7RK64', 'https://maps.gstatic.com/mapfiles/place_api/icons/shopping-71.png', NULL, 'Hornstraße 6, Regensburg', NULL, NULL, NULL, NULL, NULL, NULL, NULL, NULL, NULL, NULL),
(282, '2016-03-08 15:39:58', '2016-03-08 15:39:58', 'denns Biomarkt', 49.0131, 12.0879, 'ChIJyc3xGwfBn0cR05Td_ZqxWDE', 'https://maps.gstatic.com/mapfiles/place_api/icons/shopping-71.png', NULL, 'Kumpfmühler Straße 8, Regensburg', NULL, NULL, NULL, NULL, NULL, NULL, NULL, NULL, NULL, NULL),
(283, '2016-03-08 15:39:58', '2016-03-08 15:39:58', 'Biomarkt BIO INSEL Stadtamhof', 49.0247, 12.0975, 'ChIJP75pq7rBn0cRfDpo9iqlG24', 'https://maps.gstatic.com/mapfiles/place_api/icons/shopping-71.png', NULL, 'Andreasstraße 1, Regensburg', NULL, NULL, NULL, NULL, NULL, NULL, NULL, NULL, NULL, NULL),
(284, '2016-03-08 15:39:58', '2016-03-08 15:39:58', 'Gepp''s für Gaumenfreunde in den Regensburg Arcaden', 49.0109, 12.0998, 'ChIJtzXMxwvBn0cR-JwjQfYBbYc', 'https://maps.gstatic.com/mapfiles/place_api/icons/shopping-71.png', NULL, 'Friedenstraße 23, Regensburg', NULL, NULL, NULL, NULL, NULL, NULL, NULL, NULL, NULL, NULL),
(285, '2016-03-08 15:39:58', '2016-03-08 15:39:58', 'Tiroler Käse-Speckstandl', 49.0184, 12.0964, 'ChIJKz8NFabBn0cRoep79zUbqLU', 'https://maps.gstatic.com/mapfiles/place_api/icons/shopping-71.png', NULL, 'Neupfarrplatz, Regensburg', NULL, NULL, NULL, NULL, NULL, NULL, NULL, NULL, NULL, NULL),
(286, '2016-03-08 15:39:58', '2016-03-08 15:39:58', 'PENNY-Markt Discounter', 49.0056, 12.1167, 'ChIJx4oCdXrBn0cRx9eM2VxvBZc', 'https://maps.gstatic.com/mapfiles/place_api/icons/shopping-71.png', NULL, 'Hornstraße 10, Regensburg', NULL, NULL, NULL, NULL, NULL, NULL, NULL, NULL, NULL, NULL),
(287, '2016-03-08 15:39:58', '2016-03-08 15:39:58', 'Laas: Leah''s American African Afro Shop', 49.0171, 12.1132, 'ChIJCfbOuZ7Bn0cR5befJH8eBWk', 'https://maps.gstatic.com/mapfiles/place_api/icons/shopping-71.png', NULL, 'Adolf-Schmetzer-Straße 23, Regensburg', NULL, NULL, NULL, NULL, NULL, NULL, NULL, NULL, NULL, NULL),
(288, '2016-03-08 15:39:58', '2016-03-08 15:39:58', 'Aldi', 49.0098, 12.0837, 'ChIJEbooPgTBn0cRJpmD3P8MEds', 'https://maps.gstatic.com/mapfiles/place_api/icons/shopping-71.png', NULL, 'Ostendorferstraße 2, Regensburg', NULL, NULL, NULL, NULL, NULL, NULL, NULL, NULL, NULL, NULL),
(289, '2016-03-08 15:39:58', '2016-03-08 15:39:58', 'Temla 24/7 Supermarkt', 49.0185, 12.0942, 'ChIJbWa2mKjBn0cRB5aufllwH4o', 'https://maps.gstatic.com/mapfiles/place_api/icons/shopping-71.png', NULL, 'Gesandtenstraße 2, Regensburg', NULL, NULL, NULL, NULL, NULL, NULL, NULL, NULL, NULL, NULL),
(290, '2016-03-08 15:39:58', '2016-03-08 15:39:58', 'Mäc-Geiz Handelsgesellschaft mbH', 49.0141, 12.1009, 'ChIJy1kGxOGRC0ERAkr83QrLdOU', 'https://maps.gstatic.com/mapfiles/place_api/icons/shopping-71.png', NULL, 'Ernst-Reuter-Platz 2, Regensburg', NULL, NULL, NULL, NULL, NULL, NULL, NULL, NULL, NULL, NULL),
(291, '2016-03-08 15:39:58', '2016-03-08 15:39:58', 'SONNENTOR Regensburg', 49.0183, 12.0943, 'ChIJvwjCnqjBn0cR3kBUjOsuRNI', 'https://maps.gstatic.com/mapfiles/place_api/icons/shopping-71.png', NULL, 'Spiegelgasse 1, Regensburg', NULL, NULL, NULL, NULL, NULL, NULL, NULL, NULL, NULL, NULL),
(292, '2016-03-08 15:39:58', '2016-03-08 15:39:58', 'VOM FASS Regensburg', 49.0161, 12.0982, 'ChIJO-yBEKfBn0cRbA8IxkVBTOY', 'https://maps.gstatic.com/mapfiles/place_api/icons/shopping-71.png', NULL, 'Fröhliche-Türken-Straße 5, Regensburg', NULL, NULL, NULL, NULL, NULL, NULL, NULL, NULL, NULL, NULL),
(293, '2016-03-08 15:39:59', '2016-03-08 15:39:59', 'REWE City', 49.018, 12.1013, 'ChIJiQBFtKbBn0cRL8ZCPewHits', 'https://maps.gstatic.com/mapfiles/place_api/icons/shopping-71.png', 4.2, 'Dachauplatz 1, Regensburg', NULL, NULL, NULL, NULL, NULL, NULL, NULL, NULL, NULL, NULL),
(294, '2016-03-08 15:39:59', '2016-03-08 15:39:59', 'Al Madina', 49.0095, 12.1041, 'ChIJKSdjSQvBn0cR6sUL181lCPk', 'https://maps.gstatic.com/mapfiles/place_api/icons/shopping-71.png', NULL, 'Furtmayrstraße 10, Regensburg', NULL, NULL, NULL, NULL, NULL, NULL, NULL, NULL, NULL, NULL),
(295, '2016-03-08 15:39:59', '2016-03-08 15:39:59', 'Robert´s Weinkistl', 49.0209, 12.0944, 'ChIJc3-RQa_Bn0cR-KWGILPi8QA', 'https://maps.gstatic.com/mapfiles/place_api/icons/shopping-71.png', NULL, 'Silberne-Kranz-Gasse 1, Regensburg', NULL, NULL, NULL, NULL, NULL, NULL, NULL, NULL, NULL, NULL),
(296, '2016-03-08 15:39:59', '2016-03-08 15:39:59', 'Nayir', 49.0172, 12.1204, 'ChIJbf9AAyCOC0ERoIIQw8lrYAA', 'https://maps.gstatic.com/mapfiles/place_api/icons/shopping-71.png', NULL, 'Von-Donle-Straße 6, Regensburg', NULL, NULL, NULL, NULL, NULL, NULL, NULL, NULL, NULL, NULL),
(297, '2016-03-08 15:39:59', '2016-03-08 15:39:59', 'China-Laden Fachgeschäft für asiatisches Lebensmittel', 49.0166, 12.0964, 'ChIJMWyI_B-OC0ERM3fyBsBXFDs', 'https://maps.gstatic.com/mapfiles/place_api/icons/shopping-71.png', NULL, 'Obermünsterstraße 9a, Regensburg', NULL, NULL, NULL, NULL, NULL, NULL, NULL, NULL, NULL, NULL),
(298, '2016-03-08 15:39:59', '2016-03-08 15:39:59', 'dm-drogerie markt', 49.0164, 12.0992, 'ChIJ14dAIKfBn0cR-3Gh-2a4Q34', 'https://maps.gstatic.com/mapfiles/place_api/icons/shopping-71.png', NULL, 'Königsstraße 8, Regensburg', NULL, NULL, NULL, NULL, NULL, NULL, NULL, NULL, NULL, NULL),
(299, '2016-03-08 15:39:59', '2016-03-08 15:39:59', 'Wein, Olive und mehr', 49.0201, 12.097, 'ChIJvavU56XBn0cRwBp2NFnqBug', 'https://maps.gstatic.com/mapfiles/place_api/icons/shopping-71.png', NULL, 'Watmarkt 7, Regensburg', NULL, NULL, NULL, NULL, NULL, NULL, NULL, NULL, NULL, NULL),
(300, '2016-03-08 15:39:59', '2016-03-08 15:39:59', 'Martin Baumann e.K.', 49.0143, 12.1133, 'ChIJ0yelz-GRC0ERnQkhNv0284Y', 'https://maps.gstatic.com/mapfiles/place_api/icons/shopping-71.png', NULL, 'Dr.-Theobald-Schrems-Straße 12, Regensburg', NULL, NULL, NULL, NULL, NULL, NULL, NULL, NULL, NULL, NULL),
(301, '2016-03-08 15:39:59', '2016-03-08 15:39:59', 'Rehorik', 49.0172, 12.0995, 'ChIJ8wMw3abBn0cRuaUGCuf7QQ0', 'https://maps.gstatic.com/mapfiles/place_api/icons/shopping-71.png', NULL, 'Am Brixener Hof 6, Regensburg', NULL, NULL, NULL, NULL, NULL, NULL, NULL, NULL, NULL, NULL),
(302, '2016-03-08 15:39:59', '2016-03-08 15:39:59', 'Rehorik GmbH Fil. Weingalerie', 49.0186, 12.0917, 'ChIJn-3p4KjBn0cRtT6EBsM0TGE', 'https://maps.gstatic.com/mapfiles/place_api/icons/shopping-71.png', NULL, 'Gesandtenstraße 16, Regensburg', NULL, NULL, NULL, NULL, NULL, NULL, NULL, NULL, NULL, NULL),
(303, '2016-03-08 15:39:59', '2016-03-08 15:39:59', 'Rossmann Drogeriemarkt', 49.0051, 12.1154, 'ChIJjSVEwHDBn0cRvwIpox_rEuA', 'https://maps.gstatic.com/mapfiles/place_api/icons/shopping-71.png', NULL, 'Hornstraße 6, Regensburg', NULL, NULL, NULL, NULL, NULL, NULL, NULL, NULL, NULL, NULL),
(304, '2016-03-08 15:39:59', '2016-03-08 15:39:59', 'SCHÖNE WEINE', 49.0167, 12.0945, 'ChIJnQDf0KfBn0cRYsIsUFWR5X0', 'https://maps.gstatic.com/mapfiles/place_api/icons/shopping-71.png', NULL, 'Obere Bachgasse 20, Regensburg', NULL, NULL, NULL, NULL, NULL, NULL, NULL, NULL, NULL, NULL),
(305, '2016-03-08 15:39:59', '2016-03-08 15:39:59', 'Enoteca Italiana', 49.0245, 12.0986, 'ChIJIYN6s7rBn0cRY8GvanQr6p4', 'https://maps.gstatic.com/mapfiles/place_api/icons/shopping-71.png', NULL, 'Andreasstraße 10, Regensburg', NULL, NULL, NULL, NULL, NULL, NULL, NULL, NULL, NULL, NULL),
(306, '2016-03-08 15:39:59', '2016-03-08 15:39:59', 'Rossini Weine', 49.0191, 12.0881, 'ChIJw0UP36vBn0cRkJeReIUtMRU', 'https://maps.gstatic.com/mapfiles/place_api/icons/shopping-71.png', NULL, 'Jakobstraße 12, Regensburg', NULL, NULL, NULL, NULL, NULL, NULL, NULL, NULL, NULL, NULL),
(307, '2016-03-08 15:39:59', '2016-03-08 15:39:59', 'Eichhofener Getränkemarkt', 49.0215, 12.0885, 'ChIJDwCIGKzBn0cR0CuhCIznIdk', 'https://maps.gstatic.com/mapfiles/place_api/icons/shopping-71.png', NULL, 'Brunnleite 8, Regensburg', NULL, NULL, NULL, NULL, NULL, NULL, NULL, NULL, NULL, NULL),
(308, '2016-03-08 15:39:59', '2016-03-08 15:39:59', 'Pascal Weinclub, Inhaber Pascal Mehrtens', 49.0203, 12.09, 'ChIJj9kO36vBn0cRSFpgc5AKkKI', 'https://maps.gstatic.com/mapfiles/place_api/icons/shopping-71.png', NULL, 'Lagerverkauf, Weißgerbergraben 22, Regensburg', NULL, NULL, NULL, NULL, NULL, NULL, NULL, NULL, NULL, NULL),
(309, '2016-03-08 15:39:59', '2016-03-08 15:39:59', 'M. Zirngibl', 49.0045, 12.1047, 'ChIJPTs9k3LBn0cR_QKkzf7IXd8', 'https://maps.gstatic.com/mapfiles/place_api/icons/shopping-71.png', NULL, 'Griesbacherstraße 12, Regensburg', NULL, NULL, NULL, NULL, NULL, NULL, NULL, NULL, NULL, NULL),
(310, '2016-03-08 15:39:59', '2016-03-08 15:39:59', 'Weinkontor Hauser', 49.0078, 12.087, 'ChIJlRAKqwXBn0cRSwEXnKxgugQ', 'https://maps.gstatic.com/mapfiles/place_api/icons/shopping-71.png', NULL, 'Kumpfmühler Straße 44, Regensburg', NULL, NULL, NULL, NULL, NULL, NULL, NULL, NULL, NULL, NULL),
(311, '2016-03-08 15:39:59', '2016-03-08 15:39:59', 'Vinothek Vinosus', 49.0245, 12.0978, 'ChIJ06tIU6XBn0cR1ewm3KDMeVE', 'https://maps.gstatic.com/mapfiles/place_api/icons/shopping-71.png', NULL, 'Andreasstraße 2, Regensburg', NULL, NULL, NULL, NULL, NULL, NULL, NULL, NULL, NULL, NULL),
(312, '2016-03-08 15:39:59', '2016-03-08 15:39:59', 'Rehorik GmbH Weingalerie', 49.0187, 12.0916, 'ChIJrZ7wZyCOC0ER6ugsg2KjfAw', 'https://maps.gstatic.com/mapfiles/place_api/icons/shopping-71.png', NULL, 'Gesandtenstraße 16, Regensburg', NULL, NULL, NULL, NULL, NULL, NULL, NULL, NULL, NULL, NULL),
(313, '2016-03-08 15:39:59', '2016-03-08 15:39:59', 'M. Zirngibl', 49.0045, 12.1047, 'ChIJmZhx_PuRC0ERzK3gWNFP558', 'https://maps.gstatic.com/mapfiles/place_api/icons/shopping-71.png', NULL, 'Griesbacherstraße 12, Regensburg', NULL, NULL, NULL, NULL, NULL, NULL, NULL, NULL, NULL, NULL),
(314, '2016-03-08 15:39:59', '2016-03-08 15:39:59', 'The Whisky Brothers - Whiskyladen - Whisky Store Regensburg', 49.0192, 12.0916, 'ChIJ98tmJ6nBn0cRXgv-J-F_DC4', 'https://maps.gstatic.com/mapfiles/place_api/icons/shopping-71.png', NULL, 'Whiskyladen Regensburg, Glockengasse 8, Regen', NULL, NULL, NULL, NULL, NULL, NULL, NULL, NULL, NULL, NULL),
(315, '2016-03-08 15:39:59', '2016-03-08 15:39:59', 'Amanti del Pizza', 49.0047, 12.1055, 'ChIJJYmJ9HLBn0cRCI6Sn3btQ5c', 'https://maps.gstatic.com/mapfiles/place_api/icons/generic_business-71.png', NULL, 'Griesbacherstraße 13, Regensburg', NULL, NULL, NULL, NULL, NULL, NULL, NULL, NULL, NULL, NULL),
(316, '2016-03-08 15:39:59', '2016-03-08 15:39:59', 'Chilli Pizza', 49.0091, 12.1143, 'ChIJqbJi4XbBn0cRsHssZVVYD9M', 'https://maps.gstatic.com/mapfiles/place_api/icons/generic_business-71.png', NULL, 'Landshuter Straße 53, Regensburg', NULL, NULL, NULL, NULL, NULL, NULL, NULL, NULL, NULL, NULL),
(317, '2016-03-08 15:39:59', '2016-03-08 15:39:59', 'Pizzeria Da Luigi Regensburg', 49.0194, 12.0923, 'ChIJVypY0KjBn0cRxEMMhF0DBAQ', 'https://maps.gstatic.com/mapfiles/place_api/icons/restaurant-71.png', 4.1, 'Krebsgasse 4, Regensburg', NULL, NULL, NULL, NULL, NULL, NULL, NULL, NULL, NULL, NULL),
(318, '2016-03-08 15:39:59', '2016-03-08 15:39:59', 'Pizza Telex', 49.0206, 12.0877, 'ChIJt38VCKzBn0cRudrreUG1ho4', 'https://maps.gstatic.com/mapfiles/place_api/icons/generic_business-71.png', NULL, 'Wollwirkergasse 6, Regensburg', NULL, NULL, NULL, NULL, NULL, NULL, NULL, NULL, NULL, NULL),
(319, '2016-03-08 15:39:59', '2016-03-08 15:39:59', 'Pizza Pronta', 49.0203, 12.0988, 'ChIJoYSBzKXBn0cRRv4ChanDfvQ', 'https://maps.gstatic.com/mapfiles/place_api/icons/restaurant-71.png', 3.6, 'Unter den Schwibbögen 11, Regensburg', NULL, NULL, NULL, NULL, NULL, NULL, NULL, NULL, NULL, NULL),
(320, '2016-03-08 15:39:59', '2016-03-08 15:39:59', 'Pizza-Heimservice Presto', 49.0078, 12.1123, 'ChIJSQPjtXbBn0cROSLz_w9RZEY', 'https://maps.gstatic.com/mapfiles/place_api/icons/generic_business-71.png', NULL, 'Graf-Zeppelin-Straße 13, Regensburg', NULL, NULL, NULL, NULL, NULL, NULL, NULL, NULL, NULL, NULL),
(321, '2016-03-08 15:39:59', '2016-03-08 15:39:59', 'Pizzeria Da Luigi Lieferservice', 49.0111, 12.1109, 'ChIJtZMZxXXBn0cRDrYFjA08Iqg', 'https://maps.gstatic.com/mapfiles/place_api/icons/generic_business-71.png', NULL, 'Landshuter Straße 33, Regensburg', NULL, NULL, NULL, NULL, NULL, NULL, NULL, NULL, NULL, NULL),
(322, '2016-03-08 15:39:59', '2016-03-08 15:39:59', 'Toms Kochschule bei Küche Aktiv', 49.0068, 12.117, 'ChIJd702B3rBn0cRH160GCajg0o', 'https://maps.gstatic.com/mapfiles/place_api/icons/generic_business-71.png', NULL, 'Landshuter Straße 74, Regensburg', NULL, NULL, NULL, NULL, NULL, NULL, NULL, NULL, NULL, NULL),
(323, '2016-03-08 15:39:59', '2016-03-08 15:39:59', 'McDonald''s Restaurant', 49.0107, 12.1004, 'ChIJefTkvwvBn0cR8HgM3bbiGU0', 'https://maps.gstatic.com/mapfiles/place_api/icons/restaurant-71.png', NULL, 'Friedenstraße 23, Regensburg', NULL, NULL, NULL, NULL, NULL, NULL, NULL, NULL, NULL, NULL),
(324, '2016-03-08 15:39:59', '2016-03-08 15:39:59', 'McDonald''s Restaurant', 49.02, 12.0898, 'ChIJ_-kHTKnBn0cR01UWoo6gwK8', 'https://maps.gstatic.com/mapfiles/place_api/icons/restaurant-71.png', 3.2, 'Weißgerbergraben 26, Regensburg', NULL, NULL, NULL, NULL, NULL, NULL, NULL, NULL, NULL, NULL),
(325, '2016-03-08 15:39:59', '2016-03-08 15:39:59', 'McDonald''s Restaurant', 49.0253, 12.1156, 'ChIJJ5agzZbBn0cRz8FZHTZI6VU', 'https://maps.gstatic.com/mapfiles/place_api/icons/restaurant-71.png', NULL, 'Donau-Einkaufs-Zentrum, Weichser Weg 5, Regen', NULL, NULL, NULL, NULL, NULL, NULL, NULL, NULL, NULL, NULL),
(326, '2016-03-08 15:39:59', '2016-03-08 15:39:59', 'SUBWAY', 49.0107, 12.1002, 'ChIJefTkvwvBn0cRUg1g_xTbcng', 'https://maps.gstatic.com/mapfiles/place_api/icons/restaurant-71.png', NULL, 'Friedenstr. 23, Regensburg Arcaden, Regensbur', NULL, NULL, NULL, NULL, NULL, NULL, NULL, NULL, NULL, NULL),
(327, '2016-03-08 15:39:59', '2016-03-08 15:39:59', 'caroline gmachl HEXEREI', 49.0169, 12.0952, 'ChIJi1pDzKfBn0cRB0qOFlRCGnI', 'https://maps.gstatic.com/mapfiles/place_api/icons/shopping-71.png', NULL, 'Obermünsterstraße 3, Regensburg', NULL, NULL, NULL, NULL, NULL, NULL, NULL, NULL, NULL, NULL),
(328, '2016-03-08 15:39:59', '2016-03-08 15:39:59', 'Immergrün', 49.0107, 12.0999, 'ChIJCddhuAvBn0cRBeoppKUkhW8', 'https://maps.gstatic.com/mapfiles/place_api/icons/restaurant-71.png', NULL, 'Friedenstraße 23, Regensburg', NULL, NULL, NULL, NULL, NULL, NULL, NULL, NULL, NULL, NULL),
(329, '2016-03-08 15:39:59', '2016-03-08 15:39:59', 'MAX + MUH', 49.0011, 12.0899, 'ChIJsTC74BDBn0cRQ_zaqAAUX4A', 'https://maps.gstatic.com/mapfiles/place_api/icons/restaurant-71.png', 4.1, 'Ludwig-Thoma-Straße 33, Regensburg', NULL, NULL, NULL, NULL, NULL, NULL, NULL, NULL, NULL, NULL),
(330, '2016-03-08 15:39:59', '2016-03-08 15:39:59', 'KUK Asia Imbiss', 49.0165, 12.0968, 'ChIJmQLOrqfBn0cR6S5K-V8ilow', 'https://maps.gstatic.com/mapfiles/place_api/icons/restaurant-71.png', 4.6, 'Obermünsterstraße 11, Regensburg', NULL, NULL, NULL, NULL, NULL, NULL, NULL, NULL, NULL, NULL),
(331, '2016-03-08 15:39:59', '2016-03-08 15:39:59', 'Imbiss Aladin Kebap', 49.0072, 12.1164, 'ChIJCbfSUnfBn0cRHDQe_ppF5jc', 'https://maps.gstatic.com/mapfiles/place_api/icons/restaurant-71.png', NULL, 'Landshuter Straße 72A, Regensburg', NULL, NULL, NULL, NULL, NULL, NULL, NULL, NULL, NULL, NULL),
(332, '2016-03-08 15:39:59', '2016-03-08 15:39:59', 'Zara Grill', 49.0192, 12.0929, 'ChIJU3f6xajBn0cR7KaJrZ3FciA', 'https://maps.gstatic.com/mapfiles/place_api/icons/restaurant-71.png', NULL, 'Rote-Hahnen-Gasse 4, Regensburg', NULL, NULL, NULL, NULL, NULL, NULL, NULL, NULL, NULL, NULL),
(333, '2016-03-08 15:39:59', '2016-03-08 15:39:59', 'Viet Thai - Asiatische Küche', 49.0169, 12.0995, 'ChIJAzUz2abBn0cRw4QwGhW--S0', 'https://maps.gstatic.com/mapfiles/place_api/icons/restaurant-71.png', NULL, 'Am Brixener Hof 10, Regensburg', NULL, NULL, NULL, NULL, NULL, NULL, NULL, NULL, NULL, NULL),
(334, '2016-03-08 15:39:59', '2016-03-08 15:39:59', 'Cafeteria', 49.0053, 12.1152, 'ChIJjSVEwHDBn0cRU4QX4SjQMRM', 'https://maps.gstatic.com/mapfiles/place_api/icons/restaurant-71.png', NULL, 'Hornstraße 6, Regensburg', NULL, NULL, NULL, NULL, NULL, NULL, NULL, NULL, NULL, NULL),
(335, '2016-03-08 15:39:59', '2016-03-08 15:39:59', 'Tarantino''s', 49.0217, 12.1039, 'ChIJ-TWMcKPBn0cRi2E0o3sMHp4', 'https://maps.gstatic.com/mapfiles/place_api/icons/restaurant-71.png', 4.1, 'Wöhrdstraße 24, Regensburg', NULL, NULL, NULL, NULL, NULL, NULL, NULL, NULL, NULL, NULL),
(336, '2016-03-08 15:39:59', '2016-03-08 15:39:59', 'IL BARETTO - PIZZA E PASTA BAR', 49.0129, 12.0886, 'ChIJKc5BAgfBn0cRdTo1yV1znnY', 'https://maps.gstatic.com/mapfiles/place_api/icons/restaurant-71.png', 4.9, 'Fritz-Fend-Straße 1, Regensburg', NULL, NULL, NULL, NULL, NULL, NULL, NULL, NULL, NULL, NULL),
(337, '2016-03-08 15:39:59', '2016-03-08 15:39:59', 'Wurstbraterei Reisinger GmbH', 49.0185, 12.0965, 'ChIJQ96JAOXBn0cRDjWhktgOS7Q', 'https://maps.gstatic.com/mapfiles/place_api/icons/restaurant-71.png', NULL, 'Neupfarrplatz, Regensburg', NULL, NULL, NULL, NULL, NULL, NULL, NULL, NULL, NULL, NULL),
(338, '2016-03-08 15:39:59', '2016-03-08 15:39:59', 'Aamu Italian Cafe & Ice Cream', 49.0205, 12.1009, 'ChIJF3VVaqTBn0cRlxiDSqNbnbY', 'https://maps.gstatic.com/mapfiles/place_api/icons/shopping-71.png', 4.9, 'Thundorferstraße 10, Regensburg', NULL, NULL, NULL, NULL, NULL, NULL, NULL, NULL, NULL, NULL),
(339, '2016-03-08 15:39:59', '2016-03-08 15:39:59', 'Garbo', 49.0206, 12.0905, 'ChIJQ5tAua7Bn0cRftOjX3uBMiw', 'https://maps.gstatic.com/mapfiles/place_api/icons/movies-71.png', 4.3, 'Weißgerbergraben 11A, Regensburg', NULL, NULL, NULL, NULL, NULL, NULL, NULL, NULL, NULL, NULL),
(340, '2016-03-08 15:39:59', '2016-03-08 15:39:59', 'CinemaxX Regensburg', 49.0106, 12.1009, 'ChIJl-foCQvBn0cRGzQkWqCjZqk', 'https://maps.gstatic.com/mapfiles/place_api/icons/movies-71.png', 3.4, 'Friedenstraße 25, Regensburg', NULL, NULL, NULL, NULL, NULL, NULL, NULL, NULL, NULL, NULL),
(341, '2016-03-08 15:39:59', '2016-03-08 15:39:59', 'Filmgalerie Kino im Leeren Beutel', 49.0184, 12.1031, 'ChIJCTVhZqHBn0cRDxuxdJJ2hr0', 'https://maps.gstatic.com/mapfiles/place_api/icons/movies-71.png', NULL, 'Bertoldstraße 9, Regensburg', NULL, NULL, NULL, NULL, NULL, NULL, NULL, NULL, NULL, NULL);
INSERT INTO `pois` (`id`, `created`, `modified`, `name`, `lat`, `lng`, `google_place`, `icon`, `rating`, `vicinity`, `formatted_phone_number`, `mail`, `website`, `social`, `description`, `user_ratings_total`, `opening_hours`, `weekday_text`, `photos`, `reviews`) VALUES
(342, '2016-03-08 15:39:59', '2016-03-08 15:39:59', 'Kinos im Andreasstadel', 49.0244, 12.0991, 'ChIJecBHaiaOC0ERZJlTSb39Has', 'https://maps.gstatic.com/mapfiles/place_api/icons/movies-71.png', NULL, 'Andreasstraße 28, Regensburg', NULL, NULL, NULL, NULL, NULL, NULL, NULL, NULL, NULL, NULL),
(343, '2016-03-08 15:39:59', '2016-03-08 15:39:59', 'NFS Neue Filmstudio GmbH', 49.0179, 12.1095, 'ChIJbzp6EyCOC0ERnXxmnmxIlaQ', 'https://maps.gstatic.com/mapfiles/place_api/icons/movies-71.png', NULL, 'Adolf-Schmetzer-Straße 5, Regensburg', NULL, NULL, NULL, NULL, NULL, NULL, NULL, NULL, NULL, NULL),
(344, '2016-03-08 15:39:59', '2016-03-08 15:39:59', 'Cinema Paradiso', 49.0225, 12.1031, 'ChIJw-uv1KTBn0cRKWEsQdGeaW8', 'https://maps.gstatic.com/mapfiles/place_api/icons/movies-71.png', NULL, 'Proskestraße, Regensburg', NULL, NULL, NULL, NULL, NULL, NULL, NULL, NULL, NULL, NULL),
(345, '2016-03-08 15:39:59', '2016-03-08 15:39:59', 'Medard Kammermeier', 49.0183, 12.1035, 'ChIJCTVhZqHBn0cR-CjD5nKi5xo', 'https://maps.gstatic.com/mapfiles/place_api/icons/movies-71.png', NULL, 'Bertoldstraße 9, Regensburg', NULL, NULL, NULL, NULL, NULL, NULL, NULL, NULL, NULL, NULL),
(346, '2016-03-08 15:39:59', '2016-03-08 15:39:59', 'Ostentor Kino', 49.018, 12.1096, 'ChIJEwgUtq7Bn0cRdYIbfeJmtr0', 'https://maps.gstatic.com/mapfiles/place_api/icons/movies-71.png', NULL, 'Adolf-Schmetzer-Straße 5, Regensburg', NULL, NULL, NULL, NULL, NULL, NULL, NULL, NULL, NULL, NULL),
(347, '2016-03-08 15:39:59', '2016-03-08 15:39:59', 'Medard Kammermeier Arbeitskreis Film E.V.', 49.0244, 12.1008, 'ChIJtyRPKrvBn0cR1wlU8_8S2E0', 'https://maps.gstatic.com/mapfiles/place_api/icons/movies-71.png', NULL, 'Andreasstraße 28, Regensburg', NULL, NULL, NULL, NULL, NULL, NULL, NULL, NULL, NULL, NULL),
(348, '2016-03-08 15:39:59', '2016-03-08 15:39:59', 'Zarap Zap Zap', 49.0178, 12.0952, 'ChIJf0zXL6bBn0cRGxFfDygrJzI', 'https://maps.gstatic.com/mapfiles/place_api/icons/bar-71.png', 3.9, 'Augustinergasse 3, Regensburg', NULL, NULL, NULL, NULL, NULL, NULL, NULL, NULL, NULL, NULL),
(349, '2016-03-08 15:39:59', '2016-03-08 15:39:59', 'Suite 15', 49.0154, 12.0966, 'ChIJYWU9nqfBn0cRevirGLEw3UQ', 'https://maps.gstatic.com/mapfiles/place_api/icons/bar-71.png', 2.9, 'St.-Peters-Weg 15, Regensburg', NULL, NULL, NULL, NULL, NULL, NULL, NULL, NULL, NULL, NULL),
(350, '2016-03-08 15:39:59', '2016-03-08 15:39:59', 'SUDclub', 49.0188, 12.0988, 'ChIJfRbxfKbBn0cRhwixMk-1KZg', 'https://maps.gstatic.com/mapfiles/place_api/icons/bar-71.png', 3.3, 'Domplatz 3, Regensburg', NULL, NULL, NULL, NULL, NULL, NULL, NULL, NULL, NULL, NULL),
(351, '2016-03-08 15:39:59', '2016-03-08 15:39:59', 'Scala', 49.0188, 12.0988, 'ChIJfRbxfKbBn0cR2-sPGjWIdP8', 'https://maps.gstatic.com/mapfiles/place_api/icons/bar-71.png', NULL, 'Domplatz 3, Regensburg', NULL, NULL, NULL, NULL, NULL, NULL, NULL, NULL, NULL, NULL),
(352, '2016-03-08 15:39:59', '2016-03-08 15:39:59', 'Tiki Beat Bar & Club', 49.0198, 12.0891, 'ChIJeRMRV6nBn0cRBN-Nrmxii_g', 'https://maps.gstatic.com/mapfiles/place_api/icons/bar-71.png', NULL, 'Arnulfsplatz 4, Regensburg', NULL, NULL, NULL, NULL, NULL, NULL, NULL, NULL, NULL, NULL),
(353, '2016-03-08 15:39:59', '2016-03-08 15:39:59', 'Heigls Kneipe', 49.0205, 12.0893, 'ChIJgTDP2yCOC0ERtdfy-y3HCFA', 'https://maps.gstatic.com/mapfiles/place_api/icons/bar-71.png', NULL, 'Rote-Löwen-Straße 7, Regensburg', NULL, NULL, NULL, NULL, NULL, NULL, NULL, NULL, NULL, NULL),
(354, '2016-03-08 15:39:59', '2016-03-08 15:39:59', 'Rauschgold', 49.0163, 12.0969, 'ChIJYS5P4h-OC0ER6UT1GUrMnac', 'https://maps.gstatic.com/mapfiles/place_api/icons/bar-71.png', NULL, 'Obermünsterstraße 14, Regensburg', NULL, NULL, NULL, NULL, NULL, NULL, NULL, NULL, NULL, NULL),
(355, '2016-03-08 15:39:59', '2016-03-08 15:39:59', 'Pf-event GmbH', 49.0211, 12.1047, 'ChIJteProKPBn0cRaHnXhN40qjY', 'https://maps.gstatic.com/mapfiles/place_api/icons/bar-71.png', NULL, 'Werftstraße 13, Regensburg', NULL, NULL, NULL, NULL, NULL, NULL, NULL, NULL, NULL, NULL),
(356, '2016-03-08 15:39:59', '2016-03-08 15:39:59', 'GATSBY Bar/Club/Veranstaltung', 49.0159, 12.0967, 'ChIJaUNqoafBn0cR1cYl5FmiBrs', 'https://maps.gstatic.com/mapfiles/place_api/icons/bar-71.png', NULL, 'St.-Peters-Weg 15, Regensburg', NULL, NULL, NULL, NULL, NULL, NULL, NULL, NULL, NULL, NULL),
(357, '2016-03-08 15:39:59', '2016-03-08 15:39:59', 'Pizzeria Italia', 49.0179, 12.0947, 'ChIJEYdSJqbBn0cRroGUVhxPvFw', 'https://maps.gstatic.com/mapfiles/place_api/icons/restaurant-71.png', 4.1, 'Obere Bachgasse 6, Regensburg', NULL, NULL, NULL, NULL, NULL, NULL, NULL, NULL, NULL, NULL),
(358, '2016-03-08 15:39:59', '2016-03-08 15:39:59', 'Café Restaurant Mesopotamia', 49.0213, 12.0919, 'ChIJ_S-r3a7Bn0cRZKp68kIj1HI', 'https://maps.gstatic.com/mapfiles/place_api/icons/restaurant-71.png', NULL, 'Metgebergasse 2, Regensburg', NULL, NULL, NULL, NULL, NULL, NULL, NULL, NULL, NULL, NULL),
(359, '2016-03-08 15:39:59', '2016-03-08 15:39:59', 'The Thai Restaurant', 49.0195, 12.0933, 'ChIJE7SDyajBn0cRAGmo1rfdcoc', 'https://maps.gstatic.com/mapfiles/place_api/icons/restaurant-71.png', 4.3, 'Haidplatz 3, Regensburg', NULL, NULL, NULL, NULL, NULL, NULL, NULL, NULL, NULL, NULL),
(360, '2016-03-08 15:39:59', '2016-03-08 15:39:59', 'Restaurant Chaplin', 49.0179, 12.1095, 'ChIJ0yxrvJ7Bn0cRDtwrYPHX0E8', 'https://maps.gstatic.com/mapfiles/place_api/icons/restaurant-71.png', 4.1, 'Adolf-Schmetzer-Straße 5, Regensburg', NULL, NULL, NULL, NULL, NULL, NULL, NULL, NULL, NULL, NULL),
(361, '2016-03-08 15:39:59', '2016-03-08 15:39:59', 'Regensburg Arcaden', 49.0108, 12.0994, 'ChIJDTfjuAvBn0cRgC4D-1fwZk0', 'https://maps.gstatic.com/mapfiles/place_api/icons/shopping-71.png', 4.3, 'Friedenstraße 23, Regensburg', NULL, NULL, NULL, NULL, NULL, NULL, NULL, NULL, NULL, NULL),
(362, '2016-03-08 15:39:59', '2016-03-08 15:39:59', 'STEFANEL', 49.018, 12.0986, 'ChIJd4fL8qbBn0cRCXVYM-nf0FY', 'https://maps.gstatic.com/mapfiles/place_api/icons/shopping-71.png', NULL, 'Schwarze-Bären-Straße 5, Regensburg', NULL, NULL, NULL, NULL, NULL, NULL, NULL, NULL, NULL, NULL),
(363, '2016-03-08 15:39:59', '2016-03-08 15:39:59', 'Donau-Einkaufszentrum', 49.0257, 12.116, 'ChIJO225k5bBn0cR4V988LwTriY', 'https://maps.gstatic.com/mapfiles/place_api/icons/shopping-71.png', 4.5, 'Weichser Weg 5, Regensburg', NULL, NULL, NULL, NULL, NULL, NULL, NULL, NULL, NULL, NULL),
(364, '2016-03-08 15:39:59', '2016-03-08 15:39:59', 'float Regensburg', 49.0192, 12.0918, 'ChIJf_9V2KjBn0cRO90cTE2UBKQ', 'https://maps.gstatic.com/mapfiles/place_api/icons/generic_business-71.png', NULL, 'Glockengasse 5, Regensburg', NULL, NULL, NULL, NULL, NULL, NULL, NULL, NULL, NULL, NULL),
(365, '2016-03-08 15:39:59', '2016-03-08 15:39:59', 'F.X. MILLER PARFÜMERIE', 49.0182, 12.0953, 'ChIJd6_lIqbBn0cRwZ6i058JyTY', 'https://maps.gstatic.com/mapfiles/place_api/icons/shopping-71.png', 4.6, 'Neupfarrplatz 16, Regensburg', NULL, NULL, NULL, NULL, NULL, NULL, NULL, NULL, NULL, NULL),
(366, '2016-03-08 15:39:59', '2016-03-08 15:39:59', 'Andrea Garburg Haare- Kosmetik- Wellness', 49.0204, 12.0959, 'ChIJ1Rd296XBn0cRs5zWICtneEc', 'https://maps.gstatic.com/mapfiles/place_api/icons/generic_business-71.png', 4.4, 'Kohlenmarkt 3, Regensburg', NULL, NULL, NULL, NULL, NULL, NULL, NULL, NULL, NULL, NULL),
(367, '2016-03-08 15:39:59', '2016-03-08 15:39:59', 'Day Spa Regensburg', 49.0205, 12.0977, 'ChIJD_PNxqXBn0cR04loff_opwY', 'https://maps.gstatic.com/mapfiles/place_api/icons/generic_business-71.png', NULL, 'Weiße-Hahnen-Gasse 5, Regensburg', NULL, NULL, NULL, NULL, NULL, NULL, NULL, NULL, NULL, NULL),
(368, '2016-03-08 15:39:59', '2016-03-08 15:39:59', 'waxandsugar Haarentfernungsstudio Regensburg', 49.014, 12.1099, 'ChIJGRdZy5_Bn0cR-quirJJz83I', 'https://maps.gstatic.com/mapfiles/place_api/icons/generic_business-71.png', NULL, 'Greflingerstraße 5, Regensburg', NULL, NULL, NULL, NULL, NULL, NULL, NULL, NULL, NULL, NULL),
(369, '2016-03-08 15:39:59', '2016-03-08 15:39:59', 'Green Nails', 49.0192, 12.0918, 'ChIJ85kF2ajBn0cRyARAEnacuYE', 'https://maps.gstatic.com/mapfiles/place_api/icons/generic_business-71.png', NULL, 'Glockengasse 5, Regensburg', NULL, NULL, NULL, NULL, NULL, NULL, NULL, NULL, NULL, NULL),
(370, '2016-03-08 15:39:59', '2016-03-08 15:39:59', 'Erotikmassage Studio Regensburg', 49.0013, 12.0893, 'ChIJsZrT6xDBn0cRROh47R-28-I', 'https://maps.gstatic.com/mapfiles/place_api/icons/generic_business-71.png', NULL, 'Ludwig-Thoma-Straße 27, Regensburg', NULL, NULL, NULL, NULL, NULL, NULL, NULL, NULL, NULL, NULL),
(371, '2016-03-08 15:39:59', '2016-03-08 15:39:59', 'Erotikmassagen Regensburg', 49.0013, 12.0893, 'ChIJsZrT6xDBn0cRzLAP5wecWWE', 'https://maps.gstatic.com/mapfiles/place_api/icons/generic_business-71.png', NULL, 'Ludwig-Thoma-Straße 27, Regensburg', NULL, NULL, NULL, NULL, NULL, NULL, NULL, NULL, NULL, NULL),
(372, '2016-03-08 15:39:59', '2016-03-08 15:39:59', 'Tantramassagen', 49.0013, 12.0893, 'ChIJsZrT6xDBn0cRkC5yni1OUqI', 'https://maps.gstatic.com/mapfiles/place_api/icons/generic_business-71.png', NULL, 'Ludwig-Thoma-Straße 27, Regensburg', NULL, NULL, NULL, NULL, NULL, NULL, NULL, NULL, NULL, NULL),
(373, '2016-03-08 15:39:59', '2016-03-08 15:39:59', 'Baumer', 49.0186, 12.0955, 'ChIJoxXqGabBn0cR3SgoxVdoCUw', 'https://maps.gstatic.com/mapfiles/place_api/icons/generic_business-71.png', NULL, 'Wahlenstraße 29, Regensburg', NULL, NULL, NULL, NULL, NULL, NULL, NULL, NULL, NULL, NULL),
(374, '2016-03-08 15:39:59', '2016-03-08 15:39:59', 'Wellssage UG', 49.0083, 12.0884, 'ChIJYfAmvQXBn0cRVBkmKRaLlkc', 'https://maps.gstatic.com/mapfiles/place_api/icons/generic_business-71.png', NULL, 'Gutenbergstraße 9, Regensburg', NULL, NULL, NULL, NULL, NULL, NULL, NULL, NULL, NULL, NULL),
(375, '2016-03-08 15:39:59', '2016-03-08 15:39:59', 'African Day Spa Wellnesshaus 2006 GmbH', 49.0171, 12.0987, 'ChIJHW5g7qbBn0cRjNeCSvKHDSk', 'https://maps.gstatic.com/mapfiles/place_api/icons/generic_business-71.png', NULL, 'Weißbräuhausgasse 2, Regensburg', NULL, NULL, NULL, NULL, NULL, NULL, NULL, NULL, NULL, NULL),
(376, '2016-03-08 15:39:59', '2016-03-08 15:39:59', 'Erotische Massagen Regensburg', 49.0013, 12.0893, 'ChIJsZrT6xDBn0cRW6pZo1x6pgI', 'https://maps.gstatic.com/mapfiles/place_api/icons/generic_business-71.png', NULL, 'Ludwig-Thoma-Straße 27, Regensburg', NULL, NULL, NULL, NULL, NULL, NULL, NULL, NULL, NULL, NULL),
(377, '2016-03-08 15:39:59', '2016-03-08 15:39:59', 'Zhila - Permanent Make Up Regensburg', 49.0209, 12.0942, 'ChIJm3hCQK_Bn0cRQJ52U4rEEpk', 'https://maps.gstatic.com/mapfiles/place_api/icons/generic_business-71.png', NULL, 'Baumhackergasse 1, Regensburg', NULL, NULL, NULL, NULL, NULL, NULL, NULL, NULL, NULL, NULL),
(378, '2016-03-08 15:39:59', '2016-03-08 15:39:59', 'zuckersüss', 49.0013, 12.0893, 'ChIJsZrT6xDBn0cRJTfKWRDTjr0', 'https://maps.gstatic.com/mapfiles/place_api/icons/generic_business-71.png', NULL, 'Ludwig-Thoma-Straße 27, Regensburg', NULL, NULL, NULL, NULL, NULL, NULL, NULL, NULL, NULL, NULL),
(379, '2016-03-08 15:39:59', '2016-03-08 15:39:59', 'Papier LIEBL GmbH - Der Fachmarkt', 49.0027, 12.1085, 'ChIJSSHc_nHBn0cR3DXdu6cE1u0', 'https://maps.gstatic.com/mapfiles/place_api/icons/generic_business-71.png', 4.2, 'Hermann-Geib-Straße 16, Regensburg', NULL, NULL, NULL, NULL, NULL, NULL, NULL, NULL, NULL, NULL),
(380, '2016-03-08 15:39:59', '2016-03-08 15:39:59', 'schwesternliebe', 49.0198, 12.0956, 'ChIJByiU_qXBn0cRorjLSdgxveg', 'https://maps.gstatic.com/mapfiles/place_api/icons/shopping-71.png', NULL, 'Kramgasse 1, Regensburg', NULL, NULL, NULL, NULL, NULL, NULL, NULL, NULL, NULL, NULL),
(381, '2016-03-08 15:39:59', '2016-03-08 15:39:59', 'Mammut Store Regensburg', 49.0194, 12.0911, 'ChIJKzxJJKnBn0cRXCHThhVNXQg', 'https://maps.gstatic.com/mapfiles/place_api/icons/shopping-71.png', NULL, 'Ludwigstraße 3, Regensburg', NULL, NULL, NULL, NULL, NULL, NULL, NULL, NULL, NULL, NULL),
(382, '2016-03-08 15:39:59', '2016-03-08 15:39:59', 'Lovehurts', 49.006, 12.0879, 'ChIJ66fKRgXBn0cRzcicxvyBNR0', 'https://maps.gstatic.com/mapfiles/place_api/icons/shopping-71.png', NULL, 'Hofgartenweg 10, Regensburg', NULL, NULL, NULL, NULL, NULL, NULL, NULL, NULL, NULL, NULL),
(383, '2016-03-08 15:39:59', '2016-03-08 15:39:59', 'NORMA Filiale', 49.0122, 12.1001, 'ChIJF6hlhgnBn0cRyRVxwDk9ins', 'https://maps.gstatic.com/mapfiles/place_api/icons/shopping-71.png', NULL, 'Hauptbahnhof Regensburg, Bahnhofstraße 18, Re', NULL, NULL, NULL, NULL, NULL, NULL, NULL, NULL, NULL, NULL),
(384, '2016-03-08 15:39:59', '2016-03-08 15:39:59', 'Ziegler Feine Kost', 49.0197, 12.0909, 'ChIJKX_XManBn0cRJglWc8RxyeY', 'https://maps.gstatic.com/mapfiles/place_api/icons/generic_business-71.png', NULL, 'Ludwigstraße 5, Regensburg', NULL, NULL, NULL, NULL, NULL, NULL, NULL, NULL, NULL, NULL),
(385, '2016-03-08 15:39:59', '2016-03-08 15:39:59', 'Küblbeck GmbH & Co. KG, BOSCH-Vertragsgroßhandel', 49.0112, 12.1175, 'ChIJ_cQjwHfBn0cRueHnrJWZyAs', 'https://maps.gstatic.com/mapfiles/place_api/icons/shopping-71.png', NULL, 'Guerickestraße 35, Regensburg', NULL, NULL, NULL, NULL, NULL, NULL, NULL, NULL, NULL, NULL),
(386, '2016-03-08 15:39:59', '2016-03-08 15:39:59', 'SATURN', 49.0248, 12.1153, 'ChIJJ5agzZbBn0cRSt7r3_PnHJI', 'https://maps.gstatic.com/mapfiles/place_api/icons/shopping-71.png', 3.2, 'Weichser Weg 5, Regensburg', NULL, NULL, NULL, NULL, NULL, NULL, NULL, NULL, NULL, NULL),
(387, '2016-03-08 15:39:59', '2016-03-08 15:39:59', 'Juwelier Riebel GmbH', 49.0204, 12.0955, 'ChIJF1H896XBn0cRugtxD2T2Zpo', 'https://maps.gstatic.com/mapfiles/place_api/icons/shopping-71.png', NULL, 'Kohlenmarkt 2, Regensburg', NULL, NULL, NULL, NULL, NULL, NULL, NULL, NULL, NULL, NULL),
(388, '2016-03-08 15:39:59', '2016-03-08 15:39:59', 'H. Hubert', 49.0181, 12.0948, 'ChIJWy0oIabBn0cROWJH3nWBZhg', 'https://maps.gstatic.com/mapfiles/place_api/icons/shopping-71.png', NULL, 'Obere Bachgasse 2, Regensburg', NULL, NULL, NULL, NULL, NULL, NULL, NULL, NULL, NULL, NULL),
(389, '2016-03-08 15:39:59', '2016-03-08 15:39:59', 'Copy-correct', 49.007, 12.0979, 'ChIJISFgSQzBn0cRquJqoa4MevI', 'https://maps.gstatic.com/mapfiles/place_api/icons/generic_business-71.png', NULL, 'Bischof-Konrad-Straße 7D, Regensburg', NULL, NULL, NULL, NULL, NULL, NULL, NULL, NULL, NULL, NULL),
(390, '2016-03-08 15:39:59', '2016-03-08 15:39:59', 'Fotohaus Zacharias', 49.0185, 12.0939, 'ChIJKRoNmKjBn0cRAPMoQGMz9NQ', 'https://maps.gstatic.com/mapfiles/place_api/icons/shopping-71.png', NULL, 'Rote-Hahnen-Gasse 7, Regensburg', NULL, NULL, NULL, NULL, NULL, NULL, NULL, NULL, NULL, NULL),
(391, '2016-03-08 15:39:59', '2016-03-08 15:39:59', 'Altmann, Stoffe & Kurzwaren Stoffgeschäft', 49.016, 12.099, 'ChIJCzYSPafBn0cROikz-PZA5pk', 'https://maps.gstatic.com/mapfiles/place_api/icons/shopping-71.png', 4.2, 'Schäffnerstraße 22, Regensburg', NULL, NULL, NULL, NULL, NULL, NULL, NULL, NULL, NULL, NULL),
(392, '2016-03-08 15:39:59', '2016-03-08 15:39:59', 'INTERSPORT SCHROTT', 49.0198, 12.0942, 'ChIJd5ucx6jBn0cRvfbf1PJeB0U', 'https://maps.gstatic.com/mapfiles/place_api/icons/shopping-71.png', NULL, 'Vor der Grieb 3, Regensburg', NULL, NULL, NULL, NULL, NULL, NULL, NULL, NULL, NULL, NULL),
(393, '2016-03-08 15:39:59', '2016-03-08 15:39:59', 'Bücher Pustet', 49.0186, 12.0931, 'ChIJwy2kigXBn0cRqDJJoQqJHrY', 'https://maps.gstatic.com/mapfiles/place_api/icons/shopping-71.png', 4.8, 'Gesandtenstraße 6, Regensburg', NULL, NULL, NULL, NULL, NULL, NULL, NULL, NULL, NULL, NULL),
(394, '2016-03-08 15:39:59', '2016-03-08 15:39:59', 'Adrenalin', 49.0099, 12.09, 'ChIJQTSuDgbBn0cR_ulHemQNuR0', 'https://maps.gstatic.com/mapfiles/place_api/icons/shopping-71.png', NULL, 'Bischof-von-Henle-Straße 2, Regensburg', NULL, NULL, NULL, NULL, NULL, NULL, NULL, NULL, NULL, NULL),
(395, '2016-03-08 15:39:59', '2016-03-08 15:39:59', 'Sutor Schuh GmbH', 49.0185, 12.0948, 'ChIJz1rZH6bBn0cRYUgWI_Sw7ec', 'https://maps.gstatic.com/mapfiles/place_api/icons/shopping-71.png', NULL, 'Untere Bachgasse 12, Regensburg', NULL, NULL, NULL, NULL, NULL, NULL, NULL, NULL, NULL, NULL),
(396, '2016-03-08 15:39:59', '2016-03-08 15:39:59', 'Apotheke im Donau-Einkaufszentrum', 49.0258, 12.1152, 'ChIJ01IPypbBn0cRqZXB5atgpvU', 'https://maps.gstatic.com/mapfiles/place_api/icons/shopping-71.png', NULL, 'Weichser Weg 5, Regensburg', NULL, NULL, NULL, NULL, NULL, NULL, NULL, NULL, NULL, NULL),
(397, '2016-03-08 15:39:59', '2016-03-08 15:39:59', 'Kosmetikstudio Nice & Happy City', 49.0152, 12.0996, 'ChIJq-Z4SafBn0cRCMz84RMO9u0', 'https://maps.gstatic.com/mapfiles/place_api/icons/shopping-71.png', NULL, 'Maximilianstraße 28, Regensburg', NULL, NULL, NULL, NULL, NULL, NULL, NULL, NULL, NULL, NULL),
(398, '2016-03-08 15:39:59', '2016-03-08 15:39:59', 'MEDIMAX Regensburg', 49.0108, 12.1013, 'ChIJefTkvwvBn0cRn7ivo5s4J6k', 'https://maps.gstatic.com/mapfiles/place_api/icons/shopping-71.png', NULL, 'Friedenstraße 23, Regensburg', NULL, NULL, NULL, NULL, NULL, NULL, NULL, NULL, NULL, NULL),
(399, '2016-03-08 15:39:59', '2016-03-08 15:39:59', 'Eckert Farben, Malen, Zeichnen, Basteln', 49.0204, 12.0957, 'ChIJ6Zqp96XBn0cRCpeYUkHbFPQ', 'https://maps.gstatic.com/mapfiles/place_api/icons/shopping-71.png', NULL, 'Blaue-Lilien-Gasse 8, Regensburg', NULL, NULL, NULL, NULL, NULL, NULL, NULL, NULL, NULL, NULL),
(400, '2016-03-08 15:39:59', '2016-03-08 15:39:59', 'Fielmann', 49.0191, 12.0979, 'ChIJmbyGeabBn0cRsRpetQa-L-I', 'https://maps.gstatic.com/mapfiles/place_api/icons/shopping-71.png', NULL, 'Domplatz 4, Regensburg', NULL, NULL, NULL, NULL, NULL, NULL, NULL, NULL, NULL, NULL),
(401, '2016-03-08 15:39:59', '2016-03-08 15:39:59', 'Das Kinder-Hörhaus', 49.0106, 12.0971, 'ChIJZ1PDQgnBn0cRD56cPJMOSts', 'https://maps.gstatic.com/mapfiles/place_api/icons/shopping-71.png', NULL, 'Paracelsusstraße 1-2, Regensburg', NULL, NULL, NULL, NULL, NULL, NULL, NULL, NULL, NULL, NULL),
(402, '2016-03-08 15:39:59', '2016-03-08 15:39:59', 'Feine Räder GmbH', 49.0096, 12.104, 'ChIJ-VdKSgvBn0cRK458xduHMcQ', 'https://maps.gstatic.com/mapfiles/place_api/icons/shopping-71.png', NULL, '12, Furtmayrstraße 10, Regensburg', NULL, NULL, NULL, NULL, NULL, NULL, NULL, NULL, NULL, NULL),
(403, '2016-03-08 15:39:59', '2016-03-08 15:39:59', 'Hugendubel', 49.0105, 12.0983, 'ChIJefTkvwvBn0cR2_hHxfuPIUA', 'https://maps.gstatic.com/mapfiles/place_api/icons/shopping-71.png', NULL, 'Friedenstraße 23, Regensburg', NULL, NULL, NULL, NULL, NULL, NULL, NULL, NULL, NULL, NULL),
(404, '2016-03-08 15:39:59', '2016-03-08 15:39:59', 'Sutor Schuh GmbH', 49.0169, 12.1009, 'ChIJV62zLKHBn0cRGJj-OcnLRuM', 'https://maps.gstatic.com/mapfiles/place_api/icons/shopping-71.png', NULL, 'Maximilianstraße 9, Regensburg', NULL, NULL, NULL, NULL, NULL, NULL, NULL, NULL, NULL, NULL),
(405, '2016-03-08 15:39:59', '2016-03-08 15:39:59', 'Paul Kappelmeier e.K.', 49.0182, 12.0953, 'ChIJd6_lIqbBn0cRQCn_W3qszok', 'https://maps.gstatic.com/mapfiles/place_api/icons/shopping-71.png', NULL, 'Neupfarrplatz 16, Regensburg', NULL, NULL, NULL, NULL, NULL, NULL, NULL, NULL, NULL, NULL),
(406, '2016-03-08 15:39:59', '2016-03-08 15:39:59', 'TechnikLounge Schwarzfischer', 49.0215, 12.1022, 'ChIJkbwTh6TBn0cRGJKR_OU6ShE', 'https://maps.gstatic.com/mapfiles/place_api/icons/shopping-71.png', 4.7, 'Wöhrdstraße 12, Regensburg', NULL, NULL, NULL, NULL, NULL, NULL, NULL, NULL, NULL, NULL),
(407, '2016-03-08 15:39:59', '2016-03-08 15:39:59', 'Teelust', 49.0212, 12.0968, 'ChIJx3GP7qXBn0cRIa16_0gTlzE', 'https://maps.gstatic.com/mapfiles/place_api/icons/shopping-71.png', NULL, 'Weiße-Lamm-Gasse 1, Regensburg', NULL, NULL, NULL, NULL, NULL, NULL, NULL, NULL, NULL, NULL),
(408, '2016-03-08 15:39:59', '2016-03-08 15:39:59', 'Getränke Hausler GmbH', 49.0047, 12.1079, 'ChIJZW0wOnLBn0cRzmmFAGrhdbY', 'https://maps.gstatic.com/mapfiles/place_api/icons/shopping-71.png', NULL, 'Hermann-Geib-Straße 12, Regensburg', NULL, NULL, NULL, NULL, NULL, NULL, NULL, NULL, NULL, NULL),
(409, '2016-03-08 15:39:59', '2016-03-08 15:39:59', 'Fielmann', 49.0259, 12.1163, 'ChIJJ5agzZbBn0cREehMvmnjaNY', 'https://maps.gstatic.com/mapfiles/place_api/icons/shopping-71.png', NULL, 'Weichser Weg 5, Regensburg', NULL, NULL, NULL, NULL, NULL, NULL, NULL, NULL, NULL, NULL),
(410, '2016-03-08 15:39:59', '2016-03-08 15:39:59', 'FRISTO Getränkemarkt', 49.0097, 12.0822, 'ChIJo7b8CwTBn0cRCJaiuBEJYvM', 'https://maps.gstatic.com/mapfiles/place_api/icons/shopping-71.png', NULL, 'Ostendorferstraße 4, Regensburg', NULL, NULL, NULL, NULL, NULL, NULL, NULL, NULL, NULL, NULL),
(411, '2016-03-08 15:39:59', '2016-03-08 15:39:59', 'Design-Optic Müller & Eichinger OHG', 49.0196, 12.095, 'ChIJpYURq6jBn0cRm1ITu28p8Bo', 'https://maps.gstatic.com/mapfiles/place_api/icons/shopping-71.png', NULL, 'Untere Bachgasse 4, Regensburg', NULL, NULL, NULL, NULL, NULL, NULL, NULL, NULL, NULL, NULL),
(412, '2016-03-08 15:39:59', '2016-03-08 15:39:59', 'hempy´s shop - Regensburg', 49.0189, 12.0955, 'ChIJ43ZkB6bBn0cR65xF_ExN8XE', 'https://maps.gstatic.com/mapfiles/place_api/icons/shopping-71.png', NULL, 'Wahlenstraße 23, Regensburg', NULL, NULL, NULL, NULL, NULL, NULL, NULL, NULL, NULL, NULL),
(413, '2016-03-08 15:39:59', '2016-03-08 15:39:59', 'Trede Blumen GmbH', 49.01, 12.1033, 'ChIJUZbjPgvBn0cRBcebLbVssJw', 'https://maps.gstatic.com/mapfiles/place_api/icons/shopping-71.png', NULL, 'Furtmayrstraße 5, Regensburg', NULL, NULL, NULL, NULL, NULL, NULL, NULL, NULL, NULL, NULL),
(414, '2016-03-08 15:39:59', '2016-03-08 15:39:59', 'Dr. med. dent. Michael Blank', 49.0165, 12.0968, 'ChIJ3-j-rqfBn0cRNzGEc3Qjd9o', 'https://maps.gstatic.com/mapfiles/place_api/icons/generic_business-71.png', NULL, 'Obermünsterstraße 11, Regensburg', NULL, NULL, NULL, NULL, NULL, NULL, NULL, NULL, NULL, NULL),
(415, '2016-03-08 15:39:59', '2016-03-08 15:39:59', 'Klang Galerie - HiFi Studio, Heimkino, Multiroom', 49.0199, 12.0927, 'ChIJsays0qjBn0cRZzlOiv-lQ04', 'https://maps.gstatic.com/mapfiles/place_api/icons/shopping-71.png', NULL, 'Haidplatz 7, Regensburg', NULL, NULL, NULL, NULL, NULL, NULL, NULL, NULL, NULL, NULL),
(416, '2016-03-08 15:39:59', '2016-03-08 15:39:59', 'Nelos Netzwerkprodukte Inh: Thomas Bieringer', 49.0084, 12.0861, 'ChIJb5OxWgTBn0cR2rmHHWs9scY', 'https://maps.gstatic.com/mapfiles/place_api/icons/generic_business-71.png', NULL, 'Gutenbergstraße 17, Regensburg', NULL, NULL, NULL, NULL, NULL, NULL, NULL, NULL, NULL, NULL),
(417, '2016-03-08 15:39:59', '2016-03-08 15:39:59', 'Lauf und Berg König', 49.0192, 12.089, 'ChIJw2_JXKnBn0cRm2IZVZr7AfE', 'https://maps.gstatic.com/mapfiles/place_api/icons/shopping-71.png', 4.3, 'Neuhausstraße 4, Regensburg', NULL, NULL, NULL, NULL, NULL, NULL, NULL, NULL, NULL, NULL),
(418, '2016-03-08 15:39:59', '2016-03-08 15:39:59', 'Regensburger Salzstadel', 49.0211, 12.0972, 'ChIJneJekaXBn0cRLctyKDRm5Cw', 'https://maps.gstatic.com/mapfiles/place_api/icons/shopping-71.png', NULL, 'Weiße-Lamm-Gasse 1, Regensburg', NULL, NULL, NULL, NULL, NULL, NULL, NULL, NULL, NULL, NULL),
(419, '2016-03-08 15:39:59', '2016-03-08 15:39:59', 'Zaubergarten Kinder- und Umstandsmode', 49.0165, 12.0953, 'ChIJI7M1zqbBn0cRVxc7CgSsftM', 'https://maps.gstatic.com/mapfiles/place_api/icons/shopping-71.png', NULL, 'Obermünsterstraße 8, Regensburg', NULL, NULL, NULL, NULL, NULL, NULL, NULL, NULL, NULL, NULL),
(420, '2016-03-08 15:39:59', '2016-03-08 15:39:59', 'Dombuchhandlung', 49.0196, 12.0969, 'ChIJtR7e36XBn0cRQWL4kqxc-qc', 'https://maps.gstatic.com/mapfiles/place_api/icons/shopping-71.png', NULL, 'Domplatz 7, Regensburg', NULL, NULL, NULL, NULL, NULL, NULL, NULL, NULL, NULL, NULL),
(421, '2016-03-08 15:39:59', '2016-03-08 15:39:59', 'Schmitz GmbH', 49.0052, 12.1192, 'ChIJcehB0XrBn0cRxvOWCvlnu-g', 'https://maps.gstatic.com/mapfiles/place_api/icons/generic_business-71.png', NULL, 'Prinz-Rupprecht-Straße 1, Regensburg', NULL, NULL, NULL, NULL, NULL, NULL, NULL, NULL, NULL, NULL),
(422, '2016-03-08 15:39:59', '2016-03-08 15:39:59', 'City Parfümerie', 49.018, 12.0991, 'ChIJeRWylabBn0cR4knAuygTXlE', 'https://maps.gstatic.com/mapfiles/place_api/icons/shopping-71.png', 4.6, 'Schwarze-Bären-Straße 7, Regensburg', NULL, NULL, NULL, NULL, NULL, NULL, NULL, NULL, NULL, NULL),
(423, '2016-03-08 15:39:59', '2016-03-08 15:39:59', 'Altstadtoptiker Friedrich', 49.0186, 12.0924, 'ChIJTb0x6KjBn0cROvoRdusRFT0', 'https://maps.gstatic.com/mapfiles/place_api/icons/shopping-71.png', NULL, 'Gesandtenstraße 10, Regensburg', NULL, NULL, NULL, NULL, NULL, NULL, NULL, NULL, NULL, NULL),
(424, '2016-03-08 15:39:59', '2016-03-08 15:39:59', 'Kids Of Nature', 49.0163, 12.0967, 'ChIJX9v_pafBn0cRAIi68hbsAYw', 'https://maps.gstatic.com/mapfiles/place_api/icons/shopping-71.png', NULL, 'Obermünsterstraße 12, Regensburg', NULL, NULL, NULL, NULL, NULL, NULL, NULL, NULL, NULL, NULL),
(425, '2016-03-08 15:39:59', '2016-03-08 15:39:59', 'Ostbayerische Technische Hochschule (OTH) Regensburg', 49.0028, 12.096, 'ChIJ98LbPRLBn0cRGSP2wqEkar0', 'https://maps.gstatic.com/mapfiles/place_api/icons/school-71.png', 4.8, 'Seybothstraße 2, Regensburg', NULL, NULL, NULL, NULL, NULL, NULL, NULL, NULL, NULL, NULL),
(426, '2016-03-08 15:39:59', '2016-03-08 15:39:59', 'Musikpavillon der Universität Regensburg Musikpädagogik', 49.0031, 12.0954, 'ChIJH1HCGBLBn0cR7cNrXOmPVss', 'https://maps.gstatic.com/mapfiles/place_api/icons/school-71.png', NULL, 'Seybothstraße 2, Regensburg', NULL, NULL, NULL, NULL, NULL, NULL, NULL, NULL, NULL, NULL),
(427, '2016-03-08 15:39:59', '2016-03-08 15:39:59', 'Graduate School for East and Southeast European Studies - Graduiertenschule für Ost- und Südosteuropastudien', 49.015, 12.1028, 'ChIJmyHW8qDBn0cRlelFVzriS4s', 'https://maps.gstatic.com/mapfiles/place_api/icons/school-71.png', NULL, 'Landshuter Straße 4, Regensburg', NULL, NULL, NULL, NULL, NULL, NULL, NULL, NULL, NULL, NULL),
(428, '2016-03-08 15:39:59', '2016-03-08 15:39:59', 'Fakultät für Biologie und vorklinische Medizin', 49.0032, 12.0978, 'ChIJyTcpIT7Bn0cRxYEyZW-Scpo', 'https://maps.gstatic.com/mapfiles/place_api/icons/school-71.png', NULL, 'Universitätsstraße 31, Regensburg', NULL, NULL, NULL, NULL, NULL, NULL, NULL, NULL, NULL, NULL),
(429, '2016-03-08 15:39:59', '2016-03-08 15:39:59', 'Biochemie, Genetik u. Mikrobiologie', 48.9994, 12.0934, 'ChIJSXMPRBHBn0cR2Lj1tToi4Dw', 'https://maps.gstatic.com/mapfiles/place_api/icons/school-71.png', NULL, 'Universitätsstraße 31, Regensburg', NULL, NULL, NULL, NULL, NULL, NULL, NULL, NULL, NULL, NULL),
(430, '2016-03-08 15:39:59', '2016-03-08 15:39:59', 'Universtät Regensburg - Zentrum für Mobilität und Information', 49.0005, 12.0929, 'ChIJkwwPRBHBn0cRKIuUeUNZt4c', 'https://maps.gstatic.com/mapfiles/place_api/icons/school-71.png', NULL, 'Universitätsstraße 31, Regensburg', NULL, NULL, NULL, NULL, NULL, NULL, NULL, NULL, NULL, NULL),
(431, '2016-03-08 15:39:59', '2016-03-08 15:39:59', 'University of Regensburg', 49.0028, 12.0947, 'ChIJD_OUYxLBn0cRNFPulAUAxbQ', 'https://maps.gstatic.com/mapfiles/place_api/icons/school-71.png', NULL, 'Universitätsstraße 31, Regensburg', NULL, NULL, NULL, NULL, NULL, NULL, NULL, NULL, NULL, NULL);

-- --------------------------------------------------------

--
-- Tabellenstruktur für Tabelle `pois_tags`
--

CREATE TABLE `pois_tags` (
  `poi_id` int(11) NOT NULL,
  `tag_id` int(11) NOT NULL
) ENGINE=InnoDB DEFAULT CHARSET=utf8;

--
-- Daten für Tabelle `pois_tags`
--

INSERT INTO `pois_tags` (`poi_id`, `tag_id`) VALUES
(1, 1),
(2, 1),
(3, 1),
(4, 1),
(5, 1),
(6, 1),
(7, 1),
(8, 1),
(9, 1),
(10, 1),
(11, 1),
(12, 1),
(13, 1),
(14, 1),
(15, 1),
(16, 1),
(17, 1),
(18, 1),
(19, 1),
(20, 1),
(21, 1),
(22, 1),
(23, 1),
(24, 1),
(25, 1),
(26, 1),
(27, 1),
(28, 1),
(29, 1),
(30, 1),
(31, 1),
(32, 1),
(33, 1),
(34, 1),
(35, 1),
(36, 1),
(37, 1),
(38, 1),
(39, 1),
(40, 1),
(41, 1),
(42, 1),
(43, 1),
(44, 1),
(45, 1),
(1, 2),
(2, 2),
(3, 2),
(4, 2),
(5, 2),
(6, 2),
(7, 2),
(8, 2),
(9, 2),
(10, 2),
(11, 2),
(12, 2),
(13, 2),
(14, 2),
(15, 2),
(16, 2),
(17, 2),
(18, 2),
(19, 2),
(20, 2),
(21, 2),
(22, 2),
(23, 2),
(24, 2),
(25, 2),
(26, 2),
(27, 2),
(28, 2),
(29, 2),
(30, 2),
(31, 2),
(32, 2),
(33, 2),
(34, 2),
(35, 2),
(36, 2),
(37, 2),
(38, 2),
(39, 2),
(40, 2),
(41, 2),
(42, 2),
(43, 2),
(44, 2),
(45, 2),
(51, 2),
(57, 2),
(96, 2),
(97, 2),
(98, 2),
(103, 2),
(107, 2),
(114, 2),
(118, 2),
(121, 2),
(125, 2),
(128, 2),
(130, 2),
(138, 2),
(142, 2),
(143, 2),
(145, 2),
(154, 2),
(155, 2),
(156, 2),
(157, 2),
(158, 2),
(159, 2),
(160, 2),
(166, 2),
(180, 2),
(1, 3),
(2, 3),
(3, 3),
(4, 3),
(5, 3),
(6, 3),
(7, 3),
(8, 3),
(9, 3),
(10, 3),
(11, 3),
(12, 3),
(13, 3),
(14, 3),
(15, 3),
(16, 3),
(17, 3),
(18, 3),
(19, 3),
(20, 3),
(21, 3),
(22, 3),
(23, 3),
(24, 3),
(25, 3),
(26, 3),
(27, 3),
(28, 3),
(29, 3),
(30, 3),
(31, 3),
(32, 3),
(33, 3),
(34, 3),
(35, 3),
(36, 3),
(37, 3),
(38, 3),
(39, 3),
(40, 3),
(41, 3),
(42, 3),
(43, 3),
(44, 3),
(45, 3),
(46, 3),
(49, 3),
(50, 3),
(51, 3),
(52, 3),
(55, 3),
(56, 3),
(57, 3),
(58, 3),
(59, 3),
(60, 3),
(62, 3),
(63, 3),
(64, 3),
(66, 3),
(71, 3),
(72, 3),
(79, 3),
(80, 3),
(83, 3),
(86, 3),
(88, 3),
(94, 3),
(96, 3),
(98, 3),
(99, 3),
(102, 3),
(103, 3),
(104, 3),
(106, 3),
(107, 3),
(108, 3),
(109, 3),
(110, 3),
(111, 3),
(112, 3),
(113, 3),
(114, 3),
(115, 3),
(116, 3),
(117, 3),
(118, 3),
(119, 3),
(120, 3),
(121, 3),
(122, 3),
(123, 3),
(124, 3),
(125, 3),
(126, 3),
(127, 3),
(128, 3),
(129, 3),
(130, 3),
(131, 3),
(132, 3),
(133, 3),
(134, 3),
(135, 3),
(136, 3),
(137, 3),
(138, 3),
(139, 3),
(140, 3),
(141, 3),
(142, 3),
(143, 3),
(144, 3),
(145, 3),
(146, 3),
(147, 3),
(148, 3),
(149, 3),
(154, 3),
(155, 3),
(163, 3),
(164, 3),
(165, 3),
(172, 3),
(198, 3),
(207, 3),
(208, 3),
(214, 3),
(216, 3),
(217, 3),
(218, 3),
(219, 3),
(220, 3),
(221, 3),
(222, 3),
(223, 3),
(224, 3),
(225, 3),
(226, 3),
(227, 3),
(228, 3),
(229, 3),
(230, 3),
(231, 3),
(232, 3),
(233, 3),
(234, 3),
(235, 3),
(236, 3),
(237, 3),
(238, 3),
(239, 3),
(240, 3),
(241, 3),
(242, 3),
(243, 3),
(244, 3),
(245, 3),
(246, 3),
(247, 3),
(248, 3),
(249, 3),
(250, 3),
(251, 3),
(252, 3),
(253, 3),
(254, 3),
(255, 3),
(265, 3),
(266, 3),
(267, 3),
(268, 3),
(269, 3),
(270, 3),
(271, 3),
(272, 3),
(273, 3),
(274, 3),
(275, 3),
(276, 3),
(277, 3),
(278, 3),
(279, 3),
(280, 3),
(281, 3),
(282, 3),
(283, 3),
(284, 3),
(285, 3),
(286, 3),
(287, 3),
(288, 3),
(289, 3),
(290, 3),
(291, 3),
(292, 3),
(293, 3),
(294, 3),
(295, 3),
(296, 3),
(297, 3),
(298, 3),
(299, 3),
(300, 3),
(301, 3),
(303, 3),
(304, 3),
(305, 3),
(306, 3),
(307, 3),
(308, 3),
(309, 3),
(310, 3),
(311, 3),
(312, 3),
(313, 3),
(315, 3),
(316, 3),
(317, 3),
(318, 3),
(319, 3),
(320, 3),
(321, 3),
(322, 3),
(323, 3),
(324, 3),
(325, 3),
(326, 3),
(327, 3),
(328, 3),
(329, 3),
(330, 3),
(331, 3),
(332, 3),
(333, 3),
(334, 3),
(335, 3),
(336, 3),
(337, 3),
(338, 3),
(357, 3),
(358, 3),
(359, 3),
(360, 3),
(384, 3),
(407, 3),
(408, 3),
(410, 3),
(1, 4),
(2, 4),
(3, 4),
(4, 4),
(5, 4),
(6, 4),
(7, 4),
(8, 4),
(9, 4),
(10, 4),
(11, 4),
(12, 4),
(13, 4),
(14, 4),
(15, 4),
(16, 4),
(17, 4),
(18, 4),
(19, 4),
(20, 4),
(21, 4),
(22, 4),
(23, 4),
(24, 4),
(25, 4),
(26, 4),
(27, 4),
(28, 4),
(29, 4),
(30, 4),
(31, 4),
(32, 4),
(33, 4),
(34, 4),
(35, 4),
(36, 4),
(37, 4),
(38, 4),
(39, 4),
(40, 4),
(41, 4),
(42, 4),
(43, 4),
(44, 4),
(45, 4),
(46, 4),
(47, 4),
(48, 4),
(49, 4),
(50, 4),
(51, 4),
(52, 4),
(53, 4),
(54, 4),
(55, 4),
(56, 4),
(57, 4),
(58, 4),
(59, 4),
(60, 4),
(61, 4),
(62, 4),
(63, 4),
(64, 4),
(65, 4),
(66, 4),
(67, 4),
(68, 4),
(69, 4),
(70, 4),
(71, 4),
(72, 4),
(73, 4),
(74, 4),
(75, 4),
(76, 4),
(77, 4),
(78, 4),
(79, 4),
(80, 4),
(81, 4),
(82, 4),
(83, 4),
(84, 4),
(85, 4),
(86, 4),
(87, 4),
(88, 4),
(89, 4),
(90, 4),
(91, 4),
(92, 4),
(93, 4),
(94, 4),
(95, 4),
(96, 4),
(97, 4),
(98, 4),
(99, 4),
(100, 4),
(101, 4),
(102, 4),
(103, 4),
(104, 4),
(105, 4),
(106, 4),
(107, 4),
(108, 4),
(109, 4),
(110, 4),
(111, 4),
(112, 4),
(113, 4),
(114, 4),
(115, 4),
(116, 4),
(117, 4),
(118, 4),
(119, 4),
(120, 4),
(121, 4),
(122, 4),
(123, 4),
(124, 4),
(125, 4),
(126, 4),
(127, 4),
(128, 4),
(129, 4),
(130, 4),
(131, 4),
(132, 4),
(133, 4),
(134, 4),
(135, 4),
(136, 4),
(137, 4),
(138, 4),
(139, 4),
(140, 4),
(141, 4),
(142, 4),
(143, 4),
(144, 4),
(145, 4),
(146, 4),
(147, 4),
(148, 4),
(149, 4),
(150, 4),
(151, 4),
(152, 4),
(153, 4),
(154, 4),
(155, 4),
(156, 4),
(157, 4),
(158, 4),
(159, 4),
(160, 4),
(161, 4),
(162, 4),
(163, 4),
(164, 4),
(165, 4),
(166, 4),
(167, 4),
(168, 4),
(169, 4),
(170, 4),
(171, 4),
(172, 4),
(173, 4),
(174, 4),
(175, 4),
(176, 4),
(177, 4),
(178, 4),
(179, 4),
(180, 4),
(181, 4),
(182, 4),
(183, 4),
(184, 4),
(185, 4),
(186, 4),
(187, 4),
(188, 4),
(189, 4),
(190, 4),
(191, 4),
(192, 4),
(193, 4),
(194, 4),
(196, 4),
(197, 4),
(198, 4),
(199, 4),
(200, 4),
(201, 4),
(202, 4),
(203, 4),
(206, 4),
(207, 4),
(208, 4),
(209, 4),
(210, 4),
(211, 4),
(212, 4),
(213, 4),
(214, 4),
(215, 4),
(216, 4),
(217, 4),
(218, 4),
(219, 4),
(220, 4),
(221, 4),
(222, 4),
(223, 4),
(224, 4),
(225, 4),
(226, 4),
(227, 4),
(228, 4),
(229, 4),
(230, 4),
(231, 4),
(232, 4),
(233, 4),
(234, 4),
(235, 4),
(236, 4),
(237, 4),
(238, 4),
(239, 4),
(240, 4),
(241, 4),
(242, 4),
(243, 4),
(244, 4),
(245, 4),
(246, 4),
(247, 4),
(248, 4),
(249, 4),
(250, 4),
(251, 4),
(252, 4),
(253, 4),
(254, 4),
(255, 4),
(256, 4),
(257, 4),
(258, 4),
(259, 4),
(260, 4),
(261, 4),
(262, 4),
(263, 4),
(264, 4),
(265, 4),
(266, 4),
(267, 4),
(268, 4),
(269, 4),
(270, 4),
(271, 4),
(272, 4),
(273, 4),
(274, 4),
(275, 4),
(276, 4),
(277, 4),
(278, 4),
(279, 4),
(280, 4),
(281, 4),
(282, 4),
(283, 4),
(284, 4),
(285, 4),
(286, 4),
(287, 4),
(288, 4),
(289, 4),
(290, 4),
(291, 4),
(292, 4),
(293, 4),
(294, 4),
(295, 4),
(296, 4),
(297, 4),
(298, 4),
(299, 4),
(300, 4),
(301, 4),
(302, 4),
(303, 4),
(304, 4),
(305, 4),
(306, 4),
(307, 4),
(308, 4),
(309, 4),
(310, 4),
(311, 4),
(312, 4),
(313, 4),
(314, 4),
(315, 4),
(316, 4),
(317, 4),
(318, 4),
(319, 4),
(320, 4),
(321, 4),
(322, 4),
(323, 4),
(324, 4),
(325, 4),
(326, 4),
(327, 4),
(328, 4),
(329, 4),
(330, 4),
(331, 4),
(332, 4),
(333, 4),
(334, 4),
(335, 4),
(336, 4),
(337, 4),
(338, 4),
(339, 4),
(340, 4),
(341, 4),
(342, 4),
(343, 4),
(344, 4),
(345, 4),
(346, 4),
(347, 4),
(348, 4),
(349, 4),
(350, 4),
(351, 4),
(352, 4),
(353, 4),
(354, 4),
(355, 4),
(356, 4),
(357, 4),
(358, 4),
(359, 4),
(360, 4),
(361, 4),
(362, 4),
(363, 4),
(364, 4),
(365, 4),
(366, 4),
(367, 4),
(368, 4),
(369, 4),
(370, 4),
(371, 4),
(372, 4),
(373, 4),
(374, 4),
(375, 4),
(376, 4),
(377, 4),
(378, 4),
(379, 4),
(380, 4),
(381, 4),
(382, 4),
(383, 4),
(384, 4),
(385, 4),
(386, 4),
(387, 4),
(388, 4),
(389, 4),
(390, 4),
(391, 4),
(392, 4),
(393, 4),
(394, 4),
(395, 4),
(396, 4),
(397, 4),
(398, 4),
(399, 4),
(400, 4),
(401, 4),
(402, 4),
(403, 4),
(404, 4),
(405, 4),
(406, 4),
(407, 4),
(408, 4),
(409, 4),
(410, 4),
(411, 4),
(412, 4),
(413, 4),
(414, 4),
(415, 4),
(416, 4),
(417, 4),
(418, 4),
(419, 4),
(420, 4),
(421, 4),
(422, 4),
(423, 4),
(424, 4),
(425, 4),
(426, 4),
(427, 4),
(428, 4),
(429, 4),
(430, 4),
(431, 4),
(1, 5),
(2, 5),
(3, 5),
(4, 5),
(5, 5),
(6, 5),
(7, 5),
(8, 5),
(9, 5),
(10, 5),
(11, 5),
(12, 5),
(13, 5),
(14, 5),
(15, 5),
(16, 5),
(17, 5),
(18, 5),
(19, 5),
(20, 5),
(21, 5),
(22, 5),
(23, 5),
(24, 5),
(25, 5),
(26, 5),
(27, 5),
(28, 5),
(29, 5),
(30, 5),
(31, 5),
(32, 5),
(33, 5),
(34, 5),
(35, 5),
(36, 5),
(37, 5),
(38, 5),
(39, 5),
(40, 5),
(41, 5),
(42, 5),
(43, 5),
(44, 5),
(45, 5),
(46, 5),
(47, 5),
(48, 5),
(49, 5),
(50, 5),
(51, 5),
(52, 5),
(53, 5),
(54, 5),
(55, 5),
(56, 5),
(57, 5),
(58, 5),
(59, 5),
(60, 5),
(61, 5),
(62, 5),
(63, 5),
(64, 5),
(65, 5),
(66, 5),
(67, 5),
(68, 5),
(69, 5),
(70, 5),
(71, 5),
(72, 5),
(73, 5),
(74, 5),
(75, 5),
(76, 5),
(77, 5),
(78, 5),
(79, 5),
(80, 5),
(81, 5),
(82, 5),
(83, 5),
(84, 5),
(85, 5),
(86, 5),
(87, 5),
(88, 5),
(89, 5),
(90, 5),
(91, 5),
(92, 5),
(93, 5),
(94, 5),
(95, 5),
(96, 5),
(97, 5),
(98, 5),
(99, 5),
(100, 5),
(101, 5),
(102, 5),
(103, 5),
(104, 5),
(105, 5),
(106, 5),
(107, 5),
(108, 5),
(109, 5),
(110, 5),
(111, 5),
(112, 5),
(113, 5),
(114, 5),
(115, 5),
(116, 5),
(117, 5),
(118, 5),
(119, 5),
(120, 5),
(121, 5),
(122, 5),
(123, 5),
(124, 5),
(125, 5),
(126, 5),
(127, 5),
(128, 5),
(129, 5),
(130, 5),
(131, 5),
(132, 5),
(133, 5),
(134, 5),
(135, 5),
(136, 5),
(137, 5),
(138, 5),
(139, 5),
(140, 5),
(141, 5),
(142, 5),
(143, 5),
(144, 5),
(145, 5),
(146, 5),
(147, 5),
(148, 5),
(149, 5),
(150, 5),
(151, 5),
(152, 5),
(153, 5),
(154, 5),
(155, 5),
(156, 5),
(157, 5),
(158, 5),
(159, 5),
(160, 5),
(161, 5),
(162, 5),
(163, 5),
(164, 5),
(165, 5),
(166, 5),
(167, 5),
(168, 5),
(169, 5),
(170, 5),
(171, 5),
(172, 5),
(173, 5),
(174, 5),
(175, 5),
(176, 5),
(177, 5),
(178, 5),
(179, 5),
(180, 5),
(181, 5),
(182, 5),
(183, 5),
(184, 5),
(185, 5),
(186, 5),
(187, 5),
(188, 5),
(189, 5),
(190, 5),
(191, 5),
(192, 5),
(193, 5),
(194, 5),
(195, 5),
(196, 5),
(197, 5),
(198, 5),
(199, 5),
(200, 5),
(201, 5),
(202, 5),
(203, 5),
(204, 5),
(205, 5),
(206, 5),
(207, 5),
(208, 5),
(209, 5),
(210, 5),
(211, 5),
(212, 5),
(213, 5),
(214, 5),
(215, 5),
(216, 5),
(217, 5),
(218, 5),
(219, 5),
(220, 5),
(221, 5),
(222, 5),
(223, 5),
(224, 5),
(225, 5),
(226, 5),
(227, 5),
(228, 5),
(229, 5),
(230, 5),
(231, 5),
(232, 5),
(233, 5),
(234, 5),
(235, 5),
(236, 5),
(237, 5),
(238, 5),
(239, 5),
(240, 5),
(241, 5),
(242, 5),
(243, 5),
(244, 5),
(245, 5),
(246, 5),
(247, 5),
(248, 5),
(249, 5),
(250, 5),
(251, 5),
(252, 5),
(253, 5),
(254, 5),
(255, 5),
(256, 5),
(257, 5),
(258, 5),
(259, 5),
(260, 5),
(261, 5),
(262, 5),
(263, 5),
(264, 5),
(265, 5),
(266, 5),
(267, 5),
(268, 5),
(269, 5),
(270, 5),
(271, 5),
(272, 5),
(273, 5),
(274, 5),
(275, 5),
(276, 5),
(277, 5),
(278, 5),
(279, 5),
(280, 5),
(281, 5),
(282, 5),
(283, 5),
(284, 5),
(285, 5),
(286, 5),
(287, 5),
(288, 5),
(289, 5),
(290, 5),
(291, 5),
(292, 5),
(293, 5),
(294, 5),
(295, 5),
(296, 5),
(297, 5),
(298, 5),
(299, 5),
(300, 5),
(301, 5),
(302, 5),
(303, 5),
(304, 5),
(305, 5),
(306, 5),
(307, 5),
(308, 5),
(309, 5),
(310, 5),
(311, 5),
(312, 5),
(313, 5),
(314, 5),
(315, 5),
(316, 5),
(317, 5),
(318, 5),
(319, 5),
(320, 5),
(321, 5),
(322, 5),
(323, 5),
(324, 5),
(325, 5),
(326, 5),
(327, 5),
(328, 5),
(329, 5),
(330, 5),
(331, 5),
(332, 5),
(333, 5),
(334, 5),
(335, 5),
(336, 5),
(337, 5),
(338, 5),
(339, 5),
(340, 5),
(341, 5),
(342, 5),
(343, 5),
(344, 5),
(345, 5),
(346, 5),
(347, 5),
(348, 5),
(349, 5),
(350, 5),
(351, 5),
(352, 5),
(353, 5),
(354, 5),
(355, 5),
(356, 5),
(357, 5),
(358, 5),
(359, 5),
(360, 5),
(361, 5),
(362, 5),
(363, 5),
(364, 5),
(365, 5),
(366, 5),
(367, 5),
(368, 5),
(369, 5),
(370, 5),
(371, 5),
(372, 5),
(373, 5),
(374, 5),
(375, 5),
(376, 5),
(377, 5),
(378, 5),
(379, 5),
(380, 5),
(381, 5),
(382, 5),
(383, 5),
(384, 5),
(385, 5),
(386, 5),
(387, 5),
(388, 5),
(389, 5),
(390, 5),
(391, 5),
(392, 5),
(393, 5),
(394, 5),
(395, 5),
(396, 5),
(397, 5),
(398, 5),
(399, 5),
(400, 5),
(401, 5),
(402, 5),
(403, 5),
(404, 5),
(405, 5),
(406, 5),
(407, 5),
(408, 5),
(409, 5),
(410, 5),
(411, 5),
(412, 5),
(413, 5),
(414, 5),
(415, 5),
(416, 5),
(417, 5),
(418, 5),
(419, 5),
(420, 5),
(421, 5),
(422, 5),
(423, 5),
(424, 5),
(425, 5),
(426, 5),
(427, 5),
(428, 5),
(429, 5),
(430, 5),
(431, 5),
(15, 6),
(31, 6),
(34, 6),
(44, 6),
(49, 6),
(51, 6),
(56, 6),
(57, 6),
(64, 6),
(80, 6),
(83, 6),
(86, 6),
(88, 6),
(94, 6),
(98, 6),
(102, 6),
(104, 6),
(106, 6),
(107, 6),
(108, 6),
(109, 6),
(110, 6),
(111, 6),
(112, 6),
(113, 6),
(114, 6),
(115, 6),
(116, 6),
(117, 6),
(118, 6),
(119, 6),
(120, 6),
(121, 6),
(122, 6),
(123, 6),
(124, 6),
(125, 6),
(126, 6),
(127, 6),
(128, 6),
(129, 6),
(130, 6),
(131, 6),
(132, 6),
(133, 6),
(134, 6),
(135, 6),
(136, 6),
(137, 6),
(138, 6),
(139, 6),
(140, 6),
(141, 6),
(142, 6),
(143, 6),
(144, 6),
(145, 6),
(146, 6),
(147, 6),
(148, 6),
(149, 6),
(338, 6),
(28, 7),
(44, 7),
(46, 7),
(49, 7),
(50, 7),
(51, 7),
(52, 7),
(55, 7),
(56, 7),
(57, 7),
(58, 7),
(59, 7),
(60, 7),
(62, 7),
(63, 7),
(64, 7),
(66, 7),
(71, 7),
(72, 7),
(79, 7),
(80, 7),
(86, 7),
(94, 7),
(96, 7),
(98, 7),
(99, 7),
(103, 7),
(104, 7),
(106, 7),
(109, 7),
(110, 7),
(111, 7),
(112, 7),
(114, 7),
(115, 7),
(123, 7),
(126, 7),
(132, 7),
(138, 7),
(139, 7),
(142, 7),
(145, 7),
(163, 7),
(164, 7),
(165, 7),
(172, 7),
(198, 7),
(207, 7),
(208, 7),
(214, 7),
(216, 7),
(217, 7),
(218, 7),
(219, 7),
(220, 7),
(221, 7),
(222, 7),
(223, 7),
(224, 7),
(225, 7),
(226, 7),
(227, 7),
(228, 7),
(229, 7),
(230, 7),
(231, 7),
(232, 7),
(233, 7),
(234, 7),
(235, 7),
(236, 7),
(237, 7),
(238, 7),
(239, 7),
(240, 7),
(241, 7),
(242, 7),
(243, 7),
(245, 7),
(246, 7),
(247, 7),
(248, 7),
(250, 7),
(251, 7),
(252, 7),
(254, 7),
(255, 7),
(315, 7),
(316, 7),
(317, 7),
(318, 7),
(319, 7),
(320, 7),
(323, 7),
(324, 7),
(325, 7),
(326, 7),
(327, 7),
(328, 7),
(329, 7),
(330, 7),
(331, 7),
(332, 7),
(333, 7),
(334, 7),
(335, 7),
(336, 7),
(337, 7),
(338, 7),
(357, 7),
(358, 7),
(359, 7),
(360, 7),
(46, 8),
(47, 8),
(48, 8),
(49, 8),
(50, 8),
(51, 8),
(52, 8),
(53, 8),
(54, 8),
(55, 8),
(56, 8),
(57, 8),
(58, 8),
(59, 8),
(60, 8),
(61, 8),
(62, 8),
(63, 8),
(64, 8),
(65, 8),
(66, 8),
(67, 8),
(68, 8),
(69, 8),
(70, 8),
(71, 8),
(72, 8),
(73, 8),
(74, 8),
(75, 8),
(76, 8),
(77, 8),
(78, 8),
(79, 8),
(80, 8),
(81, 8),
(82, 8),
(83, 8),
(84, 8),
(85, 8),
(86, 8),
(87, 8),
(88, 8),
(89, 8),
(90, 8),
(91, 8),
(92, 8),
(93, 8),
(94, 8),
(95, 8),
(96, 8),
(97, 8),
(98, 8),
(99, 8),
(100, 8),
(101, 8),
(102, 8),
(103, 8),
(104, 8),
(105, 8),
(138, 8),
(145, 8),
(148, 8),
(327, 8),
(328, 8),
(330, 8),
(331, 8),
(334, 8),
(335, 8),
(337, 8),
(338, 8),
(346, 8),
(352, 8),
(353, 8),
(46, 9),
(177, 9),
(210, 9),
(212, 9),
(335, 9),
(47, 10),
(48, 10),
(49, 10),
(74, 10),
(154, 10),
(161, 10),
(172, 10),
(176, 10),
(178, 10),
(186, 10),
(190, 10),
(192, 10),
(193, 10),
(198, 10),
(200, 10),
(201, 10),
(202, 10),
(206, 10),
(209, 10),
(211, 10),
(213, 10),
(215, 10),
(220, 10),
(226, 10),
(61, 11),
(67, 11),
(73, 11),
(81, 11),
(91, 11),
(95, 11),
(104, 11),
(348, 11),
(349, 11),
(350, 11),
(351, 11),
(352, 11),
(353, 11),
(354, 11),
(355, 11),
(356, 11),
(72, 12),
(96, 12),
(98, 12),
(103, 12),
(109, 12),
(138, 12),
(315, 12),
(316, 12),
(318, 12),
(323, 12),
(324, 12),
(325, 12),
(326, 12),
(327, 12),
(328, 12),
(329, 12),
(330, 12),
(331, 12),
(332, 12),
(333, 12),
(334, 12),
(335, 12),
(336, 12),
(337, 12),
(338, 12),
(128, 13),
(249, 13),
(265, 13),
(266, 13),
(267, 13),
(268, 13),
(269, 13),
(270, 13),
(271, 13),
(272, 13),
(273, 13),
(274, 13),
(275, 13),
(276, 13),
(277, 13),
(278, 13),
(279, 13),
(280, 13),
(281, 13),
(282, 13),
(283, 13),
(284, 13),
(285, 13),
(286, 13),
(287, 13),
(288, 13),
(289, 13),
(290, 13),
(291, 13),
(292, 13),
(293, 13),
(294, 13),
(295, 13),
(296, 13),
(297, 13),
(298, 13),
(299, 13),
(300, 13),
(143, 14),
(157, 14),
(273, 14),
(276, 14),
(298, 14),
(303, 14),
(379, 14),
(380, 14),
(386, 14),
(390, 14),
(391, 14),
(399, 14),
(143, 15),
(292, 15),
(295, 15),
(299, 15),
(301, 15),
(302, 15),
(303, 15),
(304, 15),
(305, 15),
(306, 15),
(307, 15),
(308, 15),
(309, 15),
(310, 15),
(311, 15),
(312, 15),
(313, 15),
(314, 15),
(150, 16),
(151, 17),
(152, 17),
(153, 17),
(151, 18),
(152, 18),
(153, 18),
(154, 19),
(155, 19),
(156, 20),
(157, 20),
(158, 20),
(159, 20),
(160, 20),
(156, 21),
(158, 21),
(159, 21),
(277, 21),
(365, 21),
(380, 21),
(381, 21),
(388, 21),
(392, 21),
(419, 21),
(422, 21),
(424, 21),
(156, 22),
(158, 22),
(387, 22),
(405, 22),
(162, 23),
(171, 23),
(173, 23),
(181, 23),
(185, 23),
(197, 23),
(166, 24),
(396, 24),
(166, 25),
(209, 25),
(271, 25),
(272, 25),
(273, 25),
(276, 25),
(280, 25),
(298, 25),
(303, 25),
(365, 25),
(366, 25),
(368, 25),
(369, 25),
(374, 25),
(377, 25),
(396, 25),
(400, 25),
(401, 25),
(409, 25),
(411, 25),
(414, 25),
(423, 25),
(167, 26),
(170, 27),
(171, 28),
(173, 28),
(181, 28),
(197, 28),
(174, 29),
(179, 29),
(182, 29),
(191, 29),
(203, 29),
(175, 30),
(339, 30),
(340, 30),
(341, 30),
(342, 30),
(343, 30),
(344, 30),
(345, 30),
(346, 30),
(347, 30),
(182, 31),
(188, 32),
(194, 32),
(196, 32),
(199, 32),
(196, 33),
(425, 33),
(426, 33),
(427, 33),
(428, 33),
(429, 33),
(430, 33),
(431, 33),
(209, 34),
(364, 34),
(365, 34),
(366, 34),
(367, 34),
(368, 34),
(369, 34),
(370, 34),
(371, 34),
(372, 34),
(373, 34),
(374, 34),
(375, 34),
(376, 34),
(377, 34),
(378, 34),
(244, 35),
(253, 35),
(315, 35),
(316, 35),
(317, 35),
(318, 35),
(319, 35),
(320, 35),
(321, 35),
(322, 35),
(256, 36),
(257, 36),
(258, 36),
(259, 36),
(260, 36),
(261, 36),
(262, 36),
(263, 36),
(264, 36),
(273, 37),
(276, 37),
(298, 37),
(386, 37),
(390, 37),
(398, 37),
(406, 37),
(415, 37),
(416, 37),
(421, 37),
(275, 38),
(286, 39),
(361, 39),
(362, 39),
(363, 39),
(365, 40),
(366, 40),
(368, 40),
(369, 40),
(373, 40),
(377, 40),
(378, 40),
(397, 40),
(366, 41),
(368, 41),
(369, 41),
(378, 41),
(379, 42),
(382, 43),
(402, 43),
(385, 44),
(393, 45),
(403, 45),
(420, 45),
(395, 46),
(404, 46),
(413, 47),
(414, 48),
(414, 49),
(158, 50),
(159, 50),
(160, 50),
(161, 50),
(162, 50),
(163, 50),
(164, 50),
(165, 50),
(166, 50),
(167, 50),
(168, 50),
(169, 50),
(170, 50),
(171, 50),
(172, 50),
(173, 50),
(174, 50),
(175, 50),
(176, 50),
(177, 50),
(178, 50),
(179, 50),
(180, 50),
(181, 50),
(182, 50),
(183, 50),
(184, 50),
(185, 50),
(186, 50),
(187, 50),
(188, 50),
(189, 50),
(190, 50),
(191, 50),
(192, 50),
(193, 50),
(194, 50),
(195, 50),
(196, 50),
(197, 50),
(198, 50),
(199, 50);

-- --------------------------------------------------------

--
-- Tabellenstruktur für Tabelle `scenarios`
--

CREATE TABLE `scenarios` (
  `id` int(11) NOT NULL,
  `created` datetime NOT NULL,
  `modified` datetime NOT NULL,
  `name` varchar(255) DEFAULT NULL,
  `description` varchar(45) DEFAULT NULL,
  `thumbnail` varchar(45) DEFAULT NULL,
  `counter` int(11) DEFAULT NULL
) ENGINE=InnoDB AUTO_INCREMENT=3 DEFAULT CHARSET=utf8;

-- --------------------------------------------------------

--
-- Tabellenstruktur für Tabelle `stages`
--

CREATE TABLE `stages` (
  `id` int(11) NOT NULL,
  `component_id` int(11) NOT NULL,
  `poi_id` int(11) NOT NULL,
  `created` datetime NOT NULL,
  `modified` datetime NOT NULL,
  `rating` float NOT NULL
) ENGINE=InnoDB AUTO_INCREMENT=4 DEFAULT CHARSET=utf8;

-- --------------------------------------------------------

--
-- Tabellenstruktur für Tabelle `tags`
--

CREATE TABLE `tags` (
  `id` int(11) NOT NULL,
  `title` varchar(255) NOT NULL,
  `created` datetime DEFAULT NULL,
  `modified` datetime DEFAULT NULL
) ENGINE=InnoDB AUTO_INCREMENT=51 DEFAULT CHARSET=utf8;

--
-- Daten für Tabelle `tags`
--

INSERT INTO `tags` (`id`, `title`, `created`, `modified`) VALUES
(1, 'bakery', '2016-03-08 15:39:57', '2016-03-08 15:39:57'),
(2, 'store', '2016-03-08 15:39:57', '2016-03-11 11:22:57'),
(3, 'food', '2016-03-08 15:39:57', '2016-03-08 15:39:57'),
(4, 'point_of_interest', '2016-03-08 15:39:57', '2016-03-08 15:39:57'),
(5, 'establishment', '2016-03-08 15:39:57', '2016-03-08 15:39:57'),
(6, 'cafe', '2016-03-08 15:39:57', '2016-03-08 15:39:57'),
(7, 'restaurant', '2016-03-08 15:39:57', '2016-03-08 15:39:57'),
(8, 'bar', '2016-03-08 15:39:58', '2016-03-08 15:39:58'),
(9, 'parking', '2016-03-08 15:39:58', '2016-03-08 15:39:58'),
(10, 'lodging', '2016-03-08 15:39:58', '2016-03-08 15:39:58'),
(11, 'night_club', '2016-03-08 15:39:58', '2016-03-08 15:39:58'),
(12, 'meal_takeaway', '2016-03-08 15:39:58', '2016-03-08 15:39:58'),
(13, 'grocery_or_supermarket', '2016-03-08 15:39:58', '2016-03-08 15:39:58'),
(14, 'home_goods_store', '2016-03-08 15:39:58', '2016-03-08 15:39:58'),
(15, 'liquor_store', '2016-03-08 15:39:58', '2016-03-08 15:39:58'),
(16, 'casino', '2016-03-08 15:39:58', '2016-03-08 15:39:58'),
(17, 'city_hall', '2016-03-08 15:39:58', '2016-03-08 15:39:58'),
(18, 'local_government_office', '2016-03-08 15:39:58', '2016-03-08 15:39:58'),
(19, 'convenience_store', '2016-03-08 15:39:58', '2016-03-08 15:39:58'),
(20, 'department_store', '2016-03-08 15:39:58', '2016-03-08 15:39:58'),
(21, 'clothing_store', '2016-03-08 15:39:58', '2016-03-08 15:39:58'),
(22, 'jewelry_store', '2016-03-08 15:39:58', '2016-03-08 15:39:58'),
(23, 'place_of_worship', '2016-03-08 15:39:58', '2016-03-08 15:39:58'),
(24, 'pharmacy', '2016-03-08 15:39:58', '2016-03-08 15:39:58'),
(25, 'health', '2016-03-08 15:39:58', '2016-03-08 15:39:58'),
(26, 'hospital', '2016-03-08 15:39:58', '2016-03-08 15:39:58'),
(27, 'travel_agency', '2016-03-08 15:39:58', '2016-03-08 15:39:58'),
(28, 'church', '2016-03-08 15:39:58', '2016-03-08 15:39:58'),
(29, 'museum', '2016-03-08 15:39:58', '2016-03-08 15:39:58'),
(30, 'movie_theater', '2016-03-08 15:39:58', '2016-03-08 15:39:58'),
(31, 'art_gallery', '2016-03-08 15:39:58', '2016-03-08 15:39:58'),
(32, 'school', '2016-03-08 15:39:58', '2016-03-08 15:39:58'),
(33, 'university', '2016-03-08 15:39:58', '2016-03-08 15:39:58'),
(34, 'spa', '2016-03-08 15:39:58', '2016-03-08 15:39:58'),
(35, 'meal_delivery', '2016-03-08 15:39:58', '2016-03-08 15:39:58'),
(36, 'gas_station', '2016-03-08 15:39:58', '2016-03-08 15:39:58'),
(37, 'electronics_store', '2016-03-08 15:39:58', '2016-03-08 15:39:58'),
(38, 'finance', '2016-03-08 15:39:58', '2016-03-08 15:39:58'),
(39, 'shopping_mall', '2016-03-08 15:39:58', '2016-03-08 15:39:58'),
(40, 'beauty_salon', '2016-03-08 15:39:59', '2016-03-08 15:39:59'),
(41, 'hair_care', '2016-03-08 15:39:59', '2016-03-08 15:39:59'),
(42, 'furniture_store', '2016-03-08 15:39:59', '2016-03-08 15:39:59'),
(43, 'bicycle_store', '2016-03-08 15:39:59', '2016-03-08 15:39:59'),
(44, 'car_repair', '2016-03-08 15:39:59', '2016-03-08 15:39:59'),
(45, 'book_store', '2016-03-08 15:39:59', '2016-03-08 15:39:59'),
(46, 'shoe_store', '2016-03-08 15:39:59', '2016-03-08 15:39:59'),
(47, 'florist', '2016-03-08 15:39:59', '2016-03-08 15:39:59'),
(48, 'dentist', '2016-03-08 15:39:59', '2016-03-08 15:39:59'),
(49, 'doctor', '2016-03-08 15:39:59', '2016-03-08 15:39:59'),
(50, 'Teuer', '2016-03-11 12:22:38', '2016-03-11 12:22:38');

--
-- Indizes der exportierten Tabellen
--

--
-- Indizes für die Tabelle `components`
--
ALTER TABLE `components`
  ADD PRIMARY KEY (`id`);

--
-- Indizes für die Tabelle `components_scenarios`
--
ALTER TABLE `components_scenarios`
  ADD PRIMARY KEY (`component_id`,`scenario_id`),
  ADD KEY `fk_cs_components_key(component_id)` (`component_id`),
  ADD KEY `fk_cs_scenario_key(scenario_id)` (`scenario_id`) USING BTREE;

--
-- Indizes für die Tabelle `pois`
--
ALTER TABLE `pois`
  ADD PRIMARY KEY (`id`);

--
-- Indizes für die Tabelle `pois_tags`
--
ALTER TABLE `pois_tags`
  ADD PRIMARY KEY (`poi_id`,`tag_id`) USING BTREE,
  ADD KEY `fk_pt_tags_key(tag_id)` (`tag_id`),
  ADD KEY `fk_pt_pois_key(poi_id)` (`poi_id`) USING BTREE;

--
-- Indizes für die Tabelle `scenarios`
--
ALTER TABLE `scenarios`
  ADD PRIMARY KEY (`id`);

--
-- Indizes für die Tabelle `stages`
--
ALTER TABLE `stages`
  ADD PRIMARY KEY (`id`),
  ADD KEY `fk_st_pois_key(poi_id)` (`poi_id`),
  ADD KEY `fk_st_components_key(component_id)` (`component_id`) USING BTREE;

--
-- Indizes für die Tabelle `tags`
--
ALTER TABLE `tags`
  ADD PRIMARY KEY (`id`);

--
-- AUTO_INCREMENT für exportierte Tabellen
--

--
-- AUTO_INCREMENT für Tabelle `components`
--
ALTER TABLE `components`
  MODIFY `id` int(11) NOT NULL AUTO_INCREMENT,AUTO_INCREMENT=3;
--
-- AUTO_INCREMENT für Tabelle `pois`
--
ALTER TABLE `pois`
  MODIFY `id` int(11) NOT NULL AUTO_INCREMENT,AUTO_INCREMENT=432;
--
-- AUTO_INCREMENT für Tabelle `scenarios`
--
ALTER TABLE `scenarios`
  MODIFY `id` int(11) NOT NULL AUTO_INCREMENT,AUTO_INCREMENT=3;
--
-- AUTO_INCREMENT für Tabelle `stages`
--
ALTER TABLE `stages`
  MODIFY `id` int(11) NOT NULL AUTO_INCREMENT,AUTO_INCREMENT=4;
--
-- AUTO_INCREMENT für Tabelle `tags`
--
ALTER TABLE `tags`
  MODIFY `id` int(11) NOT NULL AUTO_INCREMENT,AUTO_INCREMENT=51;
--
-- Constraints der exportierten Tabellen
--

--
-- Constraints der Tabelle `components_scenarios`
--
ALTER TABLE `components_scenarios`
  ADD CONSTRAINT `fk_cs_components_key(component_id)` FOREIGN KEY (`component_id`) REFERENCES `components` (`id`) ON DELETE NO ACTION ON UPDATE NO ACTION,
  ADD CONSTRAINT `fk_cs_scenario_key(scenario_id)` FOREIGN KEY (`scenario_id`) REFERENCES `scenarios` (`id`) ON DELETE NO ACTION ON UPDATE NO ACTION;

--
-- Constraints der Tabelle `pois_tags`
--
ALTER TABLE `pois_tags`
  ADD CONSTRAINT `fk_pt_pois_key(poi_id)` FOREIGN KEY (`poi_id`) REFERENCES `pois` (`id`) ON DELETE NO ACTION ON UPDATE NO ACTION,
  ADD CONSTRAINT `fk_pt_tags_key(tag_id)` FOREIGN KEY (`tag_id`) REFERENCES `tags` (`id`) ON DELETE NO ACTION ON UPDATE NO ACTION;

--
-- Constraints der Tabelle `stages`
--
ALTER TABLE `stages`
  ADD CONSTRAINT `fk_st_components_key(component_id)` FOREIGN KEY (`component_id`) REFERENCES `components` (`id`) ON DELETE NO ACTION ON UPDATE NO ACTION,
  ADD CONSTRAINT `fk_st_pois_key(poi_id)` FOREIGN KEY (`poi_id`) REFERENCES `pois` (`id`) ON DELETE NO ACTION ON UPDATE NO ACTION;

/*!40101 SET CHARACTER_SET_CLIENT=@OLD_CHARACTER_SET_CLIENT */;
/*!40101 SET CHARACTER_SET_RESULTS=@OLD_CHARACTER_SET_RESULTS */;
/*!40101 SET COLLATION_CONNECTION=@OLD_COLLATION_CONNECTION */;
